Model,Segment,RMSE,nRMSE,MAE,MAPE,sMAPE_pct,R2,Time_sec
rbf,1,0.131595788346447,0.0263191576692894,0.108568019910305,0.822387435168954,0.817411143221329,0.205400406049969,2.0787076
rbf_arima,1,0.131595788346447,0.0263191576692894,0.108568019910305,0.822387435168954,0.817411143221329,0.205400406049969,0.0054677
arima,1,0.21743010724729,0.043486021449458,0.165836039942972,1.25847832907379,1.24492839726195,-1.1692205930282,1.4487774
rbf,2,0.158064724416425,0.0316129448832851,0.127426772194345,1.03750180688193,1.045988252694,0.707004059262863,0.002772
rbf_arima,2,0.158064724416425,0.0316129448832851,0.127426772194345,1.03750180688193,1.045988252694,0.707004059262863,1.0536254
arima,2,0.0671772409915665,0.0134354481983133,0.0536799249158953,0.437263198792589,0.435752138311182,0.947078028707789,0.3622491
rbf,3,0.0185238680525018,0.00370477361050036,0.0171123780416041,0.147195836974801,0.147321413011552,0.993192041696893,0.0024732
rbf_arima,3,0.0185238680525018,0.00370477361050036,0.0171123780416041,0.147195836974801,0.147321413011552,0.993192041696893,0.0796751
arima,3,0.101382324012062,0.0202764648024124,0.0724475057958212,0.638084460859464,0.642139737438753,0.796071457912339,0.3271547
rbf,4,0.0408489283222618,0.00816978566445237,0.0389908746114371,0.347575920917835,0.346915959689519,0.377361889127283,0.0015039
rbf_arima,4,0.0408489283222618,0.00816978566445237,0.0389908746114371,0.347575920917835,0.346915959689519,0.377361889127283,0.0679474
arima,4,0.251385541285878,0.0502771082571756,0.190210928173742,1.69167925155296,1.71700373998698,-22.5806056583829,0.3262542
rbf,5,0.0649414733044024,0.0129882946608805,0.0539861541605737,0.45596843134252,0.454488239992369,0.913614651446536,0.0050606
rbf_arima,5,0.0649414733044024,0.0129882946608805,0.0539861541605737,0.45596843134252,0.454488239992369,0.913614651446536,0.0641034
arima,5,0.136665400094063,0.0273330800188126,0.105653003536009,0.889888366085101,0.896495197856329,0.617428186213062,0.4006825
rbf,6,0.0553880821974656,0.0110776164394931,0.0485707886157898,0.384755030985058,0.383806728100677,0.938802867148112,0.0015157
rbf_arima,6,0.0553880821974656,0.0110776164394931,0.0485707886157898,0.384755030985058,0.383806728100677,0.938802867148112,0.0592476
arima,6,0.0199937865969656,0.00399875731939312,0.0118287799408482,0.0927308651333658,0.0926093489719399,0.992025774290648,0.3005994
rbf,7,0.014400376291056,0.00288007525821119,0.0116031945197181,0.0890313519647477,0.0890810936967802,0.940620639146004,0.0012554
rbf_arima,7,0.014400376291056,0.00288007525821119,0.0116031945197181,0.0890313519647477,0.0890810936967802,0.940620639146004,0.0624615
arima,7,0.153529095400272,0.0307058190800545,0.112966150111309,0.865321525870852,0.858472322777239,-5.7494629773223,0.3136185
rbf,8,0.0136936742264722,0.00273873484529445,0.0129389644884849,0.101282553348991,0.101340508063932,0.991171978660436,0.0011871
rbf_arima,8,0.0136936742264722,0.00273873484529445,0.0129389644884849,0.101282553348991,0.101340508063932,0.991171978660436,0.0675837
arima,8,0.114875026580477,0.0229750053160954,0.0886614604293057,0.698045557914356,0.693953296626204,0.378738214434833,0.4212435
rbf,9,0.0119405601473785,0.00238811202947571,0.011033195995065,0.0910307881852736,0.0910798927661187,0.996268409046341,0.0010687
rbf_arima,9,0.0119405601473785,0.00238811202947571,0.011033195995065,0.0910307881852736,0.0910798927661187,0.996268409046341,0.0675206
arima,9,0.0158848115378523,0.00317696230757047,0.0136462620574581,0.112912239187994,0.112825417500725,0.993395974164983,0.3480606
rbf,10,0.0110109414359032,0.00220218828718065,0.0100727812763078,0.0864423311610002,0.0864858815560525,0.988741282377153,0.0010731
rbf_arima,10,0.0110109414359032,0.00220218828718065,0.0100727812763078,0.0864423311610002,0.0864858815560525,0.988741282377153,0.0649744
arima,10,0.102614830027557,0.0205229660055115,0.0745806155425344,0.644887292362057,0.648866654935883,0.0221769252894674,0.3091188
rbf,11,0.0723774438333749,0.014475488766675,0.0632151486543551,0.534916306877127,0.533072923739687,0.824011797020794,0.0010041
rbf_arima,11,0.0723774438333749,0.014475488766675,0.0632151486543551,0.534916306877127,0.533072923739687,0.824011797020794,0.0671298
arima,11,0.292763412035952,0.0585526824071904,0.222681140478123,1.87599990172866,1.90667519925142,-1.87945751304351,0.2934865
rbf,12,0.15416497204297,0.030832994408594,0.132239582694912,1.02810157113397,1.02110294914877,0.795931571624968,0.0010145
rbf_arima,12,0.15416497204297,0.030832994408594,0.132239582694912,1.02810157113397,1.02110294914877,0.795931571624968,0.0648985
arima,12,0.0905825208707677,0.0181165041741535,0.0719570075040127,0.556934141642705,0.559367617239098,0.929548019167906,0.3158523
rbf,13,0.0580382101114525,0.0116076420222905,0.0553535998566468,0.399798951983446,0.398930698053137,0.951067853584826,0.0011193
rbf_arima,13,0.0580382101114525,0.0116076420222905,0.0553535998566468,0.399798951983446,0.398930698053137,0.951067853584826,0.0660695
arima,13,0.122669480947101,0.0245338961894203,0.0876775769644742,0.62624987387566,0.622473652186343,0.78140546453498,0.291382
rbf,14,0.0463235134501525,0.0092647026900305,0.029903973005851,0.213010046991142,0.212475845520579,0.762106421965738,0.0010244
rbf_arima,14,0.0463235134501525,0.0092647026900305,0.029903973005851,0.213010046991142,0.212475845520579,0.762106421965738,0.070431
arima,14,0.307466417545629,0.0614932835091257,0.227206798577377,1.61500365422284,1.59138501787376,-9.48033369506247,0.301776
rbf,15,0.172774921673428,0.0345549843346857,0.158385626264086,1.2112993897883,1.20246307155239,0.812498051071883,0.0010375
rbf_arima,15,0.172774921673428,0.0345549843346857,0.158385626264086,1.2112993897883,1.20246307155239,0.812498051071883,0.0727207
arima,15,0.214099088070241,0.0428198176140482,0.166212605489427,1.28528002767696,1.27149166405118,0.712078556063533,0.2824176
rbf,16,0.0729608719447676,0.0145921743889535,0.0658576016916535,0.567986922879593,0.565982134523732,0.967436804885593,0.0011352
rbf_arima,16,0.0729608719447676,0.0145921743889535,0.0658576016916535,0.567986922879593,0.565982134523732,0.967436804885593,0.0727642
arima,16,0.0248457323189994,0.00496914646379988,0.0146819281657983,0.129055439804093,0.12929310671294,0.996223838289496,0.3668454
rbf,17,0.0268916932230826,0.00537833864461652,0.0211925104446641,0.195605018992051,0.195914880291439,0.93734292298346,0.0011349
rbf_arima,17,0.0268916932230826,0.00537833864461652,0.0211925104446641,0.195605018992051,0.195914880291439,0.93734292298346,0.074846
arima,17,0.293834374434706,0.0587668748869412,0.216988953822887,2.0089091778855,2.04676214842644,-6.48064483530583,0.3774305
rbf,18,0.134800821760388,0.0269601643520775,0.120850090173435,1.07431402135497,1.08145425510251,0.613605674565231,0.0011529
rbf_arima,18,0.134800821760388,0.0269601643520775,0.120850090173435,1.07431402135497,1.08145425510251,0.613605674565231,0.082682
arima,18,0.20426559694092,0.0408531193881841,0.15707605037823,1.38727749719149,1.40356914320384,0.112770210047809,0.3476764
rbf,19,0.132230428701007,0.0264460857402015,0.118732540736022,0.972446070560833,0.978263028579161,0.79330512337688,0.0009738
rbf_arima,19,0.132230428701007,0.0264460857402015,0.118732540736022,0.972446070560833,0.978263028579161,0.79330512337688,0.0793909
arima,19,0.0130801627989387,0.00261603255978773,0.0113134464519064,0.092945042069159,0.0930025630654753,0.997977478259417,0.3912335
rbf,20,0.0335424415516861,0.00670848831033723,0.028122227927877,0.216802299272868,0.216496938964886,0.952809819961534,0.00103
rbf_arima,20,0.0335424415516861,0.00670848831033723,0.028122227927877,0.216802299272868,0.216496938964886,0.952809819961534,0.0809086
arima,20,0.15508409344245,0.03101681868849,0.112812880047421,0.866768306563189,0.859770512486938,-0.00878078718853481,0.3172097
rbf,21,0.045973654123657,0.00919473082473139,0.0339366020576028,0.262595115051466,0.263219563822932,0.602560636966966,0.0010161
rbf_arima,21,0.045973654123657,0.00919473082473139,0.0339366020576028,0.262595115051466,0.263219563822932,0.602560636966966,0.0752427
arima,21,0.119857141683733,0.0239714283367465,0.0933599312574971,0.722035336703089,0.717751195303094,-1.70134879221975,0.301113
rbf,22,0.114272444237181,0.0228544888474361,0.107834734033073,0.859963921821699,0.864163697222176,0.372428530485911,0.001021
rbf_arima,22,0.114272444237181,0.0228544888474361,0.107834734033073,0.859963921821699,0.864163697222176,0.372428530485911,0.0788187
arima,22,0.0334876637188799,0.00669753274377599,0.0267845781923885,0.214573752375691,0.214212290112475,0.946104828577971,0.3017104
rbf,23,0.0395076300339438,0.00790152600678876,0.0320890746776036,0.266376920227663,0.266917752499182,0.873087629148079,0.0010226
rbf_arima,23,0.0395076300339438,0.00790152600678876,0.0320890746776036,0.266376920227663,0.266917752499182,0.873087629148079,0.0832915
arima,23,0.0511279914768602,0.010225598295372,0.0365109122596332,0.3035974111055,0.30450842367839,0.787450804678735,0.3357138
rbf,24,0.011846559601875,0.002369311920375,0.0100120838816327,0.0834204788488453,0.0833941193363409,0.981252090548052,0.0010514
rbf_arima,24,0.011846559601875,0.002369311920375,0.0100120838816327,0.0834204788488453,0.0833941193363409,0.981252090548052,0.082627
arima,24,0.199040300915451,0.0398080601830903,0.14116915521136,1.1683182812005,1.18198241277037,-4.29237243703933,0.2512459
rbf,25,0.0618626202329905,0.0123725240465981,0.0564881851516825,0.436520941163361,0.437644736148989,0.969453672865644,0.0010296
rbf_arima,25,0.0618626202329905,0.0123725240465981,0.0564881851516825,0.436520941163361,0.437644736148989,0.969453672865644,0.0876173
arima,25,0.172128094773157,0.0344256189546313,0.135342250809787,1.03595621834385,1.04457495830734,0.763513747004342,0.2194974
rbf,26,0.0632058310900995,0.0126411662180199,0.0586554654341514,0.412217911626246,0.413194873235021,0.968945876714983,0.0010745
rbf_arima,26,0.0632058310900995,0.0126411662180199,0.0586554654341514,0.412217911626246,0.413194873235021,0.968945876714983,0.0776912
arima,26,0.0907429932469364,0.0181485986493873,0.0628462049899001,0.435453656272645,0.433512754250367,0.935992453265246,0.2372481
rbf,27,0.0325217230914172,0.00650434461828345,0.0306346682769502,0.205006877910877,0.204770810126895,0.88125927949085,0.0011046
rbf_arima,27,0.0325217230914172,0.00650434461828345,0.0306346682769502,0.205006877910877,0.204770810126895,0.88125927949085,0.0788103
arima,27,0.312615072836161,0.0625230145672323,0.232274545741623,1.55167242096257,1.53022911849824,-9.97166180353154,0.3027221
rbf,28,0.0276252092601939,0.00552504185203879,0.0187746332232283,0.131324331421529,0.131513152755867,0.988146269904968,0.0011452
rbf_arima,28,0.0276252092601939,0.00552504185203879,0.0187746332232283,0.131324331421529,0.131513152755867,0.988146269904968,0.0807458
arima,28,0.238391612726719,0.0476783225453439,0.185020447642388,1.2888479217254,1.27507303719084,0.11727419087688,0.2242595
rbf,29,0.0410871061444077,0.00821742122888154,0.0400299315343916,0.298859953786054,0.299335811553177,0.985422728955345,0.0009921
rbf_arima,29,0.0410871061444077,0.00821742122888154,0.0400299315343916,0.298859953786054,0.299335811553177,0.985422728955345,0.0753681
arima,29,0.04066349522331,0.008132699044662,0.0340002264505017,0.256551501292675,0.256076195318921,0.985721764783414,0.277939
rbf,30,0.0464721439670791,0.00929442879341582,0.0395437206181243,0.318535363045367,0.317832050905556,0.933832316622548,0.001019
rbf_arima,30,0.0464721439670791,0.00929442879341582,0.0395437206181243,0.318535363045367,0.317832050905556,0.933832316622548,0.0733704
arima,30,0.151890005731835,0.0303780011463669,0.110001831115267,0.888939780420945,0.89659407188812,0.293163595794429,0.2379062
rbf,31,0.0165629388612075,0.00331258777224149,0.0153468134805183,0.122805944519092,0.122893635538111,0.987207838205802,0.0011398
rbf_arima,31,0.0165629388612075,0.00331258777224149,0.0153468134805183,0.122805944519092,0.122893635538111,0.987207838205802,0.0720338
arima,31,0.263341351033493,0.0526682702066985,0.203913772863501,1.618984307721,1.64100132539383,-2.23375612880506,0.2239349
rbf,32,0.0260095124261487,0.00520190248522974,0.0221403772541315,0.164640093929972,0.164825442255929,0.991937663949728,0.0011594
rbf_arima,32,0.0260095124261487,0.00520190248522974,0.0221403772541315,0.164640093929972,0.164825442255929,0.991937663949728,0.0726413
arima,32,0.0428484422190095,0.0085696884438019,0.0353533081895705,0.26246415008862,0.262965762645269,0.97811903107954,0.3386403
rbf,33,0.0360045219429604,0.00720090438859207,0.0343542543814576,0.24077672862559,0.241094012426238,0.973861996309936,0.0012116
rbf_arima,33,0.0360045219429604,0.00720090438859207,0.0343542543814576,0.24077672862559,0.241094012426238,0.973861996309936,0.0840392
arima,33,0.137974791029016,0.0275949582058033,0.0996915813229119,0.692031424951562,0.687514950784153,0.616153303620326,0.3000795
rbf,34,0.00725430438402932,0.00145086087680586,0.0061637022635809,0.0423642816687477,0.0423544837006289,0.994177479984625,0.0012948
rbf_arima,34,0.00725430438402932,0.00145086087680586,0.0061637022635809,0.0423642816687477,0.0423544837006289,0.994177479984625,0.0844418
arima,34,0.309536407797574,0.0619072815595148,0.228527858388985,1.58243448860417,1.55971417730592,-9.60090440396073,0.2304436
rbf,35,0.0126471602363542,0.00252943204727084,0.011073848296584,0.0817971778571667,0.0817536617593005,0.998984423015012,0.001292
rbf_arima,35,0.0126471602363542,0.00252943204727084,0.011073848296584,0.0817971778571667,0.0817536617593005,0.998984423015012,0.0774886
arima,35,0.209456201309273,0.0418912402618547,0.16269456594138,1.22215829269584,1.20970419799708,0.721443527464064,0.3126597
rbf,36,0.00861612950572538,0.00172322590114508,0.0072212159579785,0.0582744626404409,0.0582961140968459,0.999540956493762,0.0012882
rbf_arima,36,0.00861612950572538,0.00172322590114508,0.0072212159579785,0.0582744626404409,0.0582961140968459,0.999540956493762,0.0797603
arima,36,0.0257251051613839,0.00514502103227678,0.0151548442458528,0.128875231896868,0.12911448547403,0.995907923636834,0.2443564
rbf,37,0.0126137594148815,0.00252275188297631,0.011350734137104,0.101209863093278,0.101273212114986,0.986060126836014,0.0013218
rbf_arima,37,0.0126137594148815,0.00252275188297631,0.011350734137104,0.101209863093278,0.101273212114986,0.986060126836014,0.0740374
arima,37,0.284219107984162,0.0568438215968324,0.210862785136126,1.88391594164386,1.91684790729633,-6.07744136021292,0.2112864
rbf,38,0.0218936210827013,0.00437872421654025,0.019070372940324,0.16434762416101,0.164412481877693,0.989807496831722,0.0014199
rbf_arima,38,0.0218936210827013,0.00437872421654025,0.019070372940324,0.16434762416101,0.164412481877693,0.989807496831722,0.0810737
arima,38,0.197074018064759,0.0394148036129518,0.153061488877995,1.30715740160364,1.32132586802611,0.174143858047319,0.2178602
rbf,39,0.0182113525975208,0.00364227051950416,0.0166208750224182,0.13281824842324,0.132755192119795,0.996079411100533,0.0011781
rbf_arima,39,0.0182113525975208,0.00364227051950416,0.0166208750224182,0.13281824842324,0.132755192119795,0.996079411100533,0.0770502
arima,39,0.0260404399209021,0.00520808798418043,0.0154243224734969,0.12054816902813,0.120343953090779,0.99198389248318,0.2943982
rbf,40,0.0574833600781388,0.0114966720156278,0.0544505851763448,0.408525715993491,0.409454240115522,0.861405312688539,0.0012191
rbf_arima,40,0.0574833600781388,0.0114966720156278,0.0544505851763448,0.408525715993491,0.409454240115522,0.861405312688539,0.0756578
arima,40,0.178732017080098,0.0357464034160197,0.131288507543862,0.979438913898665,0.970685235937609,-0.33988339233506,0.2341747
rbf,41,0.049436308440979,0.00988726168819579,0.0463693262791052,0.349228768259313,0.348532995286317,0.837738895371283,0.0014075
rbf_arima,41,0.049436308440979,0.00988726168819579,0.0463693262791052,0.349228768259313,0.348532995286317,0.837738895371283,0.075638
arima,41,0.222063137524629,0.0444126275049258,0.172015374465205,1.30097074796969,1.28695034511403,-2.27397459508224,0.2326645
rbf,42,0.028816740526515,0.00576334810530301,0.0280093583760687,0.222360315679927,0.222097316325902,0.985909078291151,0.0014324
rbf_arima,42,0.028816740526515,0.00576334810530301,0.0280093583760687,0.222360315679927,0.222097316325902,0.985909078291151,0.0752389
arima,42,0.0658297048558177,0.0131659409711635,0.0522735847424965,0.419310533878388,0.417906443860274,0.926465100065669,0.2935405
rbf,43,0.00962175793949839,0.00192435158789968,0.00932315114116395,0.078518306283546,0.0785511375188924,0.997342211691835,0.001344
rbf_arima,43,0.00962175793949839,0.00192435158789968,0.00932315114116395,0.078518306283546,0.0785511375188924,0.997342211691835,0.076172
arima,43,0.0734227632500975,0.0146845526500195,0.0518757002440503,0.443397742214449,0.445392569256957,0.845234917724478,0.2807955
rbf,44,0.0219154701289723,0.00438309402579446,0.0160623611552847,0.137411688011639,0.137576078521342,0.933939185269876,0.0012855
rbf_arima,44,0.0219154701289723,0.00438309402579446,0.0160623611552847,0.137411688011639,0.137576078521342,0.933939185269876,0.0809657
arima,44,0.258457497081165,0.0516914994162329,0.189868573645131,1.62480544298288,1.64953542781675,-8.18799205582799,0.2188151
rbf,45,0.0437996262954667,0.00875992525909333,0.0335692038880852,0.264659680160649,0.264087330697662,0.984779985049532,0.0012821
rbf_arima,45,0.0437996262954667,0.00875992525909333,0.0335692038880852,0.264659680160649,0.264087330697662,0.984779985049532,0.0797142
arima,45,0.143227048148012,0.0286454096296024,0.112393934355336,0.886503241160766,0.892829775206155,0.837248742932358,0.3107941
rbf,46,0.022471640167826,0.0044943280335652,0.0180830709044659,0.130502449224782,0.130586423825836,0.996098366993199,0.0013866
rbf_arima,46,0.022471640167826,0.0044943280335652,0.0180830709044659,0.130502449224782,0.130586423825836,0.996098366993199,0.0734521
arima,46,0.135296881925295,0.027059376385059,0.0958896147801878,0.683096197800559,0.67855088439989,0.858566448040932,0.2923262
rbf,47,0.110554246782879,0.0221108493565757,0.097232262607345,0.667328095013151,0.670215057918331,-0.363921062940959,0.0013065
rbf_arima,47,0.110554246782879,0.0221108493565757,0.097232262607345,0.667328095013151,0.670215057918331,-0.363921062940959,0.0780235
arima,47,0.318500031390723,0.0637000062781446,0.235137314569084,1.6118656405261,1.58844679497947,-10.3202843297415,0.289662
rbf,48,0.0621426245264698,0.012428524905294,0.0511858087856934,0.365537247342257,0.364545441064721,0.940430664767976,0.0012932
rbf_arima,48,0.0621426245264698,0.012428524905294,0.0511858087856934,0.365537247342257,0.364545441064721,0.940430664767976,0.087163
arima,48,0.240108071747938,0.0480216143495877,0.186339938815074,1.33372499497375,1.31897334579617,0.110681982548499,0.2240405
rbf,49,0.00345809436803272,0.000691618873606545,0.00296510281889232,0.0227562701391359,0.0227569941610498,0.999897449332436,0.001311
rbf_arima,49,0.00345809436803272,0.000691618873606545,0.00296510281889232,0.0227562701391359,0.0227569941610498,0.999897449332436,0.0808341
arima,49,0.0382656436563542,0.00765312873127084,0.032137277309138,0.249733542215682,0.24928705502473,0.987443087834443,0.3286603
rbf,50,0.0178841531233036,0.00357683062466072,0.0174210516761593,0.144051750230891,0.144161742107622,0.990268115167017,0.0015018
rbf_arima,50,0.0178841531233036,0.00357683062466072,0.0174210516761593,0.144051750230891,0.144161742107622,0.990268115167017,0.0741871
arima,50,0.16893758567707,0.0337875171354139,0.122471510690096,1.02199699914435,1.03211047060164,0.131614089979015,0.2993773
rbf,51,0.0137083622480699,0.00274167244961397,0.0123154275900979,0.102040605945363,0.102054789114453,0.987643157040386,0.0014207
rbf_arima,51,0.0137083622480699,0.00274167244961397,0.0123154275900979,0.102040605945363,0.102054789114453,0.987643157040386,0.073565
arima,51,0.228341235665835,0.045668247133167,0.17754541364628,1.46031536370827,1.47806997533105,-2.42850728490891,0.2306494
rbf,52,0.0978577565120955,0.0195715513024191,0.0841526503959567,0.653796697233697,0.650960509465035,0.839063622860342,0.0013808
rbf_arima,52,0.0978577565120955,0.0195715513024191,0.0841526503959567,0.653796697233697,0.650960509465035,0.839063622860342,0.0722355
arima,52,0.0564484365329589,0.0112896873065918,0.045704771500916,0.354145118088175,0.355094565106732,0.946449004809309,0.226229
rbf,53,0.132075624661989,0.0264151249323979,0.122646205070136,0.902378812111028,0.897721689035668,0.504012306812731,0.0013747
rbf_arima,53,0.132075624661989,0.0264151249323979,0.122646205070136,0.902378812111028,0.897721689035668,0.504012306812731,0.074019
arima,53,0.100653627806281,0.0201307255612562,0.0727202198592505,0.531447962615253,0.528777043308285,0.711939029906395,0.3013404
rbf,54,0.0611177910889154,0.0122235582177831,0.0598325341792329,0.434384229286844,0.433400085526164,0.323365129757902,0.0014856
rbf_arima,54,0.0611177910889154,0.0122235582177831,0.0598325341792329,0.434384229286844,0.433400085526164,0.323365129757902,0.0737156
arima,54,0.252946394030403,0.0505892788060807,0.18754053702484,1.36647727661617,1.34965505643985,-10.5898031895734,0.2304287
rbf,55,0.0131119467740416,0.00262238935480831,0.0101665863044706,0.0791743981659065,0.0792274444528896,0.998223076970884,0.0014897
rbf_arima,55,0.0131119467740416,0.00262238935480831,0.0101665863044706,0.0791743981659065,0.0792274444528896,0.998223076970884,0.0723266
arima,55,0.159096545215706,0.0318193090431412,0.123684177322853,0.963294615587219,0.955577125824878,0.738389145860138,0.2897885
rbf,56,0.015859747648606,0.0031719495297212,0.0144590915657744,0.122332893504078,0.122424873912817,0.997468199916096,0.0017062
rbf_arima,56,0.015859747648606,0.0031719495297212,0.0144590915657744,0.122332893504078,0.122424873912817,0.997468199916096,0.0736982
arima,56,0.0206568378546317,0.00413136757092634,0.0121550190867252,0.104602511324702,0.10475996741193,0.995704986379354,0.2810243
rbf,57,0.0541798886666984,0.0108359777333397,0.0478539244152445,0.427596644423624,0.428775289346914,0.585509449985756,0.0014727
rbf_arima,57,0.0541798886666984,0.0108359777333397,0.0478539244152445,0.427596644423624,0.428775289346914,0.585509449985756,0.0755048
arima,57,0.236383870543533,0.0472767741087065,0.175018370464623,1.56615387477016,1.58892585305907,-6.88994718286008,0.3240192
rbf,58,0.0358461839365874,0.00716923678731747,0.0304294483565686,0.26481484038451,0.264333210911393,0.938770947866699,0.0015842
rbf_arima,58,0.0358461839365874,0.00716923678731747,0.0304294483565686,0.26481484038451,0.264333210911393,0.938770947866699,0.0724132
arima,58,0.133160161745378,0.0266320323490756,0.103392969793174,0.897534162416851,0.904217718624405,0.155070824812179,0.2150874
rbf,59,0.0541384944551003,0.0108276988910201,0.0425947054436986,0.350010087016894,0.350992794627417,0.92235647098236,0.0013666
rbf_arima,59,0.0541384944551003,0.0108276988910201,0.0425947054436986,0.350010087016894,0.350992794627417,0.92235647098236,0.0729448
arima,59,0.0136355608477646,0.00272711216955293,0.00794538252126073,0.0649162970811332,0.0648554631906159,0.995074629221311,0.330958
rbf,60,0.0765939403268436,0.0153187880653687,0.0689725814724162,0.546853505599341,0.548695400918158,0.448586831819448,0.0013512
rbf_arima,60,0.0765939403268436,0.0153187880653687,0.0689725814724162,0.546853505599341,0.548695400918158,0.448586831819448,0.0738211
arima,60,0.125474329012603,0.0250948658025206,0.0917268416911771,0.724990563276408,0.720128060446253,-0.479783133101768,0.3119455
rbf,61,0.0366662136307555,0.00733324272615111,0.030469519651518,0.244757151079109,0.244499817136854,0.938312596950723,0.0014068
rbf_arima,61,0.0366662136307555,0.00733324272615111,0.030469519651518,0.244757151079109,0.244499817136854,0.938312596950723,0.0752186
arima,61,0.247701673384933,0.0495403346769866,0.189787378573009,1.5309558564016,1.51112557312617,-1.81528417806131,0.2283308
rbf,62,0.0952130865065293,0.0190426173013059,0.0893582823619255,0.770132744955883,0.766729465084865,0.89368734252609,0.0014706
rbf_arima,62,0.0952130865065293,0.0190426173013059,0.0893582823619255,0.770132744955883,0.766729465084865,0.89368734252609,0.0771563
arima,62,0.0856692485114193,0.0171338497022839,0.0678006593512578,0.59014893636321,0.587343989931816,0.91393202180369,0.2986965
rbf,63,0.0851992515938007,0.0170398503187601,0.0728518411827026,0.684967590590082,0.688229309659372,0.855979243023064,0.0013735
rbf_arima,63,0.0851992515938007,0.0170398503187601,0.0728518411827026,0.684967590590082,0.688229309659372,0.855979243023064,0.0763727
arima,63,0.0810584819471929,0.0162116963894386,0.0568724016527223,0.538229739399983,0.541221291315469,0.869638166013816,0.3066204
rbf,64,0.00414209848210757,0.000828419696421514,0.003296441771032,0.0314891480223478,0.0314961433726557,0.996869088647195,0.0013276
rbf_arima,64,0.00414209848210757,0.000828419696421514,0.003296441771032,0.0314891480223478,0.0314961433726557,0.996869088647195,0.0896134
arima,64,0.273958330188991,0.0547916660377982,0.205048828173793,1.95276155117258,1.98727788618365,-12.6961641195297,0.3169648
rbf,65,0.0309347427117461,0.00618694854234923,0.0271814149721994,0.240586472876973,0.24095582591006,0.99017715491082,0.0013862
rbf_arima,65,0.0309347427117461,0.00618694854234923,0.0271814149721994,0.240586472876973,0.24095582591006,0.99017715491082,0.1029406
arima,65,0.126584264899839,0.0253168529799678,0.0993029115988862,0.87285837683079,0.878996819787777,0.835523549028949,0.2770968
rbf,66,0.0293903499508086,0.00587806999016173,0.0262174650336441,0.2108462766061,0.210570156950467,0.99136511820727,0.0014388
rbf_arima,66,0.0293903499508086,0.00587806999016173,0.0262174650336441,0.2108462766061,0.210570156950467,0.99136511820727,0.0900282
arima,66,0.116947950329259,0.0233895900658518,0.082824823691569,0.658817638538252,0.65458127363087,0.863279980579174,0.3101316
rbf,67,0.0129321706350212,0.00258643412700424,0.00849616188422212,0.0650949122283616,0.0650461072614097,0.975910450609159,0.0013425
rbf_arima,67,0.0129321706350212,0.00258643412700424,0.00849616188422212,0.0650949122283616,0.0650461072614097,0.975910450609159,0.0926172
arima,67,0.279562983924031,0.0559125967848062,0.206474377144,1.58147788779853,1.55894481269407,-10.2575830164891,0.2735374
rbf,68,0.119590896093857,0.0239181792187714,0.102822227421922,0.817523877963581,0.812976872141415,0.695882157742598,0.0013719
rbf_arima,68,0.119590896093857,0.0239181792187714,0.102822227421922,0.817523877963581,0.812976872141415,0.695882157742598,0.0830076
arima,68,0.203455666555027,0.0406911333110055,0.157910262473142,1.26014142084416,1.24697350472474,0.119792143580832,0.242507
rbf,69,0.0551672945861481,0.0110334589172296,0.0517986842461707,0.443880605933874,0.4427502450499,0.964022558711445,0.0013487
rbf_arima,69,0.0551672945861481,0.0110334589172296,0.0517986842461707,0.443880605933874,0.4427502450499,0.964022558711445,0.0797185
arima,69,0.0316061384070041,0.00632122768140082,0.0266051294156328,0.229479427440955,0.229104382923834,0.988191091021579,0.294028
rbf,70,0.0276181294445034,0.00552362588890068,0.0250445976100179,0.229903015868322,0.23022692456689,0.968007305975146,0.0013575
rbf_arima,70,0.0276181294445034,0.00552362588890068,0.0250445976100179,0.229903015868322,0.23022692456689,0.968007305975146,0.082359
arima,70,0.144495130324631,0.0288990260649263,0.10476816662212,0.966678519105187,0.975715066973312,0.124273054233503,0.308642
rbf,71,0.0061081940234368,0.00122163880468736,0.00500433220904638,0.0454139654100295,0.0453988253834011,0.998665279030785,0.0013042
rbf_arima,71,0.0061081940234368,0.00122163880468736,0.00500433220904638,0.0454139654100295,0.0453988253834011,0.998665279030785,0.0829559
arima,71,0.289437538427975,0.057887507685595,0.222796371127203,2.00531074391002,2.03954444296667,-1.99691584619265,0.2165187
rbf,72,0.0816649462864408,0.0163329892572882,0.0741371808183497,0.616267153174834,0.61854764891305,0.939023354958704,0.0013334
rbf_arima,72,0.0816649462864408,0.0163329892572882,0.0741371808183497,0.616267153174834,0.61854764891305,0.939023354958704,0.0807403
arima,72,0.0437116669412341,0.00874233338824683,0.0363911863145134,0.300777252464874,0.301422912192993,0.982530241502748,0.2872551
rbf,73,0.0244677662278052,0.00489355324556104,0.0228557448631158,0.17519311651275,0.175367570929273,0.990739324808872,0.0013844
rbf_arima,73,0.0244677662278052,0.00489355324556104,0.0228557448631158,0.17519311651275,0.175367570929273,0.990739324808872,0.0787551
arima,73,0.169149934765868,0.0338299869531736,0.122434971195612,0.929310906091689,0.921231985061746,0.557413995648914,0.2845667
rbf,74,0.0339646091553362,0.00679292183106724,0.0238901004256939,0.17918806420236,0.179513878588246,0.258898544985989,0.0013383
rbf_arima,74,0.0339646091553362,0.00679292183106724,0.0238901004256939,0.17918806420236,0.179513878588246,0.258898544985989,0.074297
arima,74,0.266526085906721,0.0533052171813441,0.206081422788843,1.54469052954606,1.52498061823249,-44.6356106463342,0.2397365
rbf,75,0.0396300577331846,0.00792601154663692,0.0376251416958598,0.290804529095992,0.291277851747429,0.944616504609058,0.001297
rbf_arima,75,0.0396300577331846,0.00792601154663692,0.0376251416958598,0.290804529095992,0.291277851747429,0.944616504609058,0.0782635
arima,75,0.0817962500171253,0.0163592500034251,0.0636784121095471,0.495176429031551,0.493147180426085,0.764062083977421,0.3006471
rbf,76,0.0541518227317174,0.0108303645463435,0.0481826617987807,0.392095349114595,0.391119024610629,0.899292987163999,0.0016079
rbf_arima,76,0.0541518227317174,0.0108303645463435,0.0481826617987807,0.392095349114595,0.391119024610629,0.899292987163999,0.0770377
arima,76,0.0228769738231019,0.00457539476462037,0.0144423862300816,0.118439078897041,0.118616399755964,0.982026580709454,0.2799128
rbf,77,0.0189042145480597,0.00378084290961194,0.0168921375962616,0.141083548996684,0.140958894936323,0.814976518548691,0.001593
rbf_arima,77,0.0189042145480597,0.00378084290961194,0.0168921375962616,0.141083548996684,0.140958894936323,0.814976518548691,0.0748183
arima,77,0.144211171930564,0.0288422343861127,0.105186840126248,0.878910241486317,0.88623916983625,-9.76731418381279,0.3105197
rbf,78,0.0125726286668904,0.00251452573337808,0.0122178599062702,0.098985676881204,0.0990374682177223,0.996638773042287,0.0013284
rbf_arima,78,0.0125726286668904,0.00251452573337808,0.0122178599062702,0.098985676881204,0.0990374682177223,0.996638773042287,0.0831996
arima,78,0.197647839169061,0.0395295678338123,0.153496057617859,1.22877400438404,1.24129621917907,0.169327560019051,0.2640822
rbf,79,0.0805442966008836,0.0161088593201767,0.0653096845140046,0.485674099517934,0.483913875445679,0.923310397590416,0.0013385
rbf_arima,79,0.0805442966008836,0.0161088593201767,0.0653096845140046,0.485674099517934,0.483913875445679,0.923310397590416,0.0835457
arima,79,0.0274523645219034,0.00549047290438069,0.0163745061900655,0.120606494370273,0.1204046258092,0.991091052208704,0.3012914
rbf,80,0.0916821740634289,0.0183364348126858,0.0863514968497195,0.611787873698115,0.609697187900211,0.647440763280503,0.0013584
rbf_arima,80,0.0916821740634289,0.0183364348126858,0.0863514968497195,0.611787873698115,0.609697187900211,0.647440763280503,0.0757065
arima,80,0.189646513018789,0.0379293026037578,0.138636495531115,0.977157225466698,0.968357507612744,-0.508523272578066,0.2908848
rbf,81,0.0563656573701051,0.011273131474021,0.0426271387082997,0.307740473552055,0.306919698109612,0.917503368103753,0.0013019
rbf_arima,81,0.0563656573701051,0.011273131474021,0.0426271387082997,0.307740473552055,0.306919698109612,0.917503368103753,0.0798286
arima,81,0.333967681448571,0.0667935362897142,0.256354435243556,1.85025304961184,1.8214371906417,-1.89611596830601,0.2235232
rbf,82,0.0616150524427071,0.0123230104885414,0.0542841046281974,0.425762639069663,0.426945592308199,0.974805366907678,0.0014499
rbf_arima,82,0.0616150524427071,0.0123230104885414,0.0542841046281974,0.425762639069663,0.426945592308199,0.974805366907678,0.0799623
arima,82,0.119936147315576,0.0239872294631151,0.0947188058621753,0.74904716901703,0.744502358848632,0.90453710927463,0.2933473
rbf,83,0.0870411798792283,0.0174082359758457,0.0819036885436655,0.707052041916785,0.704204381535762,0.914936005057738,0.0014525
rbf_arima,83,0.0870411798792283,0.0174082359758457,0.0819036885436655,0.707052041916785,0.704204381535762,0.914936005057738,0.0815385
arima,83,0.103930259695051,0.0207860519390101,0.0727091305343368,0.636655662958501,0.640880394809735,0.878722492949859,0.2945674
rbf,84,0.0227080329578881,0.00454160659157763,0.017770491893143,0.158167173500465,0.157964120842539,0.700403267552528,0.001253
rbf_arima,84,0.0227080329578881,0.00454160659157763,0.017770491893143,0.158167173500465,0.157964120842539,0.700403267552528,0.0791828
arima,84,0.288503121243805,0.0577006242487609,0.224183752144265,1.99583977165435,2.02936176915449,-47.3591960999598,0.2184837
rbf,85,0.0656285616662244,0.0131257123332449,0.0588687486552823,0.504087380700577,0.50253079139655,0.860803494395673,0.0013169
rbf_arima,85,0.0656285616662244,0.0131257123332449,0.0588687486552823,0.504087380700577,0.50253079139655,0.860803494395673,0.0897597
arima,85,0.0768111513168267,0.0153622302633653,0.0600402454532456,0.511750762459285,0.513884889415929,0.809326161336214,0.3294673
rbf,86,0.0947319914485579,0.0189463982897116,0.0851131550178043,0.690592262276074,0.687679002105038,0.717552003644297,0.0014958
rbf_arima,86,0.0947319914485579,0.0189463982897116,0.0851131550178043,0.690592262276074,0.687679002105038,0.717552003644297,0.0803862
arima,86,0.0533583013088862,0.0106716602617772,0.0373639634328979,0.301157239372502,0.300242686234504,0.910391510981581,0.3283487
rbf,87,0.0172736133751741,0.00345472267503482,0.0146616930155027,0.116113224558027,0.116021281153716,0.860777209756565,0.0013948
rbf_arima,87,0.0172736133751741,0.00345472267503482,0.0146616930155027,0.116113224558027,0.116021281153716,0.860777209756565,0.0739674
arima,87,0.160445965416816,0.0320891930833632,0.11784880256879,0.930001791510029,0.922066174997222,-11.0116189206994,0.2820432
rbf,88,0.0117615680838348,0.00235231361676696,0.0106505796576932,0.0863580123797988,0.0864039907396712,0.995601877902344,0.0011667
rbf_arima,88,0.0117615680838348,0.00235231361676696,0.0106505796576932,0.0863580123797988,0.0864039907396712,0.995601877902344,0.0756623
arima,88,0.165802061600401,0.0331604123200801,0.128694192704153,1.05135709937786,1.04219046005823,0.125989438642772,0.2305747
rbf,89,0.0211709226633209,0.00423418453266417,0.0169403198111287,0.147798458617318,0.147634038129813,0.992077948908849,0.0011189
rbf_arima,89,0.0211709226633209,0.00423418453266417,0.0169403198111287,0.147798458617318,0.147634038129813,0.992077948908849,0.0812076
arima,89,0.0240423012175299,0.00480846024350598,0.0203480715382198,0.177281513527163,0.17706049553974,0.989783311893604,0.2903812
rbf,90,0.0444580788009836,0.00889161576019672,0.0368500405097017,0.338738907594811,0.339580715413944,0.876047628262031,0.0011603
rbf_arima,90,0.0444580788009836,0.00889161576019672,0.0368500405097017,0.338738907594811,0.339580715413944,0.876047628262031,0.0775597
arima,90,0.111266847381054,0.0222533694762108,0.0808112818701461,0.744377557816627,0.749699018553287,0.223600897852845,0.2416603
rbf,91,0.0724429095341514,0.0144885819068303,0.0632165558388756,0.571917899209553,0.574053388519943,0.747162041660742,0.0011142
rbf_arima,91,0.0724429095341514,0.0144885819068303,0.0632165558388756,0.571917899209553,0.574053388519943,0.747162041660742,0.0740856
arima,91,0.247809441762604,0.0495618883525209,0.19057321732888,1.71790175042369,1.74304063486113,-1.95859966844162,0.2559949
rbf,92,0.0423061714452002,0.00846123428904005,0.0403461205968424,0.34073679394689,0.341370125758597,0.977961334989224,0.0012335
rbf_arima,92,0.0423061714452002,0.00846123428904005,0.0403461205968424,0.34073679394689,0.341370125758597,0.977961334989224,0.0785615
arima,92,0.0395423920617074,0.00790847841234149,0.0327925507382062,0.274457953735069,0.27500043284536,0.980746765113281,0.2846466
rbf,93,0.0202112026547066,0.00404224053094131,0.0199789663669263,0.157250125876697,0.157124078448527,0.991490109146465,0.0012764
rbf_arima,93,0.0202112026547066,0.00404224053094131,0.0199789663669263,0.157250125876697,0.157124078448527,0.991490109146465,0.0860865
arima,93,0.138344684403844,0.0276689368807688,0.100014543188242,0.776971899296362,0.771294773259992,0.601283112462797,0.2714823
rbf,94,0.0225798813674894,0.00451597627349788,0.0212356214075107,0.163190648221922,0.163341199457301,0.905799715887358,0.0014836
rbf_arima,94,0.0225798813674894,0.00451597627349788,0.0212356214075107,0.163190648221922,0.163341199457301,0.905799715887358,0.0792211
arima,94,0.279596034597692,0.0559192069195385,0.209178032318962,1.6159929613348,1.59293520095008,-13.44344913467,0.2361743
rbf,95,0.0923398812741007,0.0184679762548201,0.0853141495549226,0.700490585715691,0.697585423177815,0.911261272930143,0.0012237
rbf_arima,95,0.0923398812741007,0.0184679762548201,0.0853141495549226,0.700490585715691,0.697585423177815,0.911261272930143,0.0802517
arima,95,0.158626627592074,0.0317253255184149,0.123314772492669,1.02244145852243,1.01374390418994,0.738129393901419,0.2786921
rbf,96,0.0227976143600394,0.00455952287200787,0.0198881972121486,0.180800632707365,0.181020193478504,0.994732361289522,0.0011899
rbf_arima,96,0.0227976143600394,0.00455952287200787,0.0198881972121486,0.180800632707365,0.181020193478504,0.994732361289522,0.0801096
arima,96,0.0181152069374429,0.00362304138748858,0.0108696188833857,0.100044701635141,0.100180349784964,0.996673988291857,0.3178806
rbf,97,0.00792940504912235,0.00158588100982447,0.00696984851627048,0.0667526542062837,0.0667309326284561,0.990530851858537,0.0012244
rbf_arima,97,0.00792940504912235,0.00158588100982447,0.00696984851627048,0.0667526542062837,0.0667309326284561,0.990530851858537,0.0777934
arima,97,0.243975623896791,0.0487951247793581,0.17843489077145,1.71311277960026,1.74106665449278,-7.96442791864953,0.2773848
rbf,98,0.0498868936448214,0.00997737872896427,0.0426575714983565,0.383508943350984,0.384495981700682,0.976029319537337,0.0011556
rbf_arima,98,0.0498868936448214,0.00997737872896427,0.0426575714983565,0.383508943350984,0.384495981700682,0.976029319537337,0.0787067
arima,98,0.291225607303058,0.0582451214606115,0.226216231813589,2.02154947262516,2.05542826176465,0.183104398718067,0.2269431
rbf,99,0.0703355079063735,0.0140671015812747,0.0657166552066596,0.527202788811615,0.528768960451416,0.973510245474553,0.0011539
rbf_arima,99,0.0703355079063735,0.0140671015812747,0.0657166552066596,0.527202788811615,0.528768960451416,0.973510245474553,0.0782563
arima,99,0.0668450267706366,0.0133690053541273,0.0431543866879766,0.337946719903594,0.336604979975115,0.97607417724815,0.3213688
rbf,100,0.0115169947807479,0.00230339895614958,0.0104461202230175,0.0776630513214178,0.0776843008175656,0.997479989159888,0.0013385
rbf_arima,100,0.0115169947807479,0.00230339895614958,0.0104461202230175,0.0776630513214178,0.0776843008175656,0.997479989159888,0.0780718
arima,100,0.300027340257374,0.0600054680514749,0.21951962484589,1.60092474702827,1.57755956820872,-0.710195395800369,0.3444603
rbf,101,0.00880885146888032,0.00176177029377606,0.00792132350924935,0.0581102719948857,0.0581267442372448,0.996167526649686,0.0012614
rbf_arima,101,0.00880885146888032,0.00176177029377606,0.00792132350924935,0.0581102719948857,0.0581267442372448,0.996167526649686,0.0788601
arima,101,0.269306968335104,0.0538613936670208,0.209865246382599,1.55221493821797,1.53252016895285,-2.58208387910419,0.2171457
rbf,102,0.00846492687511357,0.00169298537502271,0.00770361391146205,0.0602803103962887,0.0602922749667301,0.999095488029248,0.0012041
rbf_arima,102,0.00846492687511357,0.00169298537502271,0.00770361391146205,0.0602803103962887,0.0602922749667301,0.999095488029248,0.0803535
arima,102,0.0775433389867278,0.0155086677973456,0.0615224812110083,0.486653944164835,0.484757601725369,0.924097358064228,0.3233544
rbf,103,0.0119403649444523,0.00238807298889047,0.00772926871524818,0.0658133363491641,0.0657617465138217,0.996955156736456,0.0012787
rbf_arima,103,0.0119403649444523,0.00238807298889047,0.00772926871524818,0.0658133363491641,0.0657617465138217,0.996955156736456,0.0825699
arima,103,0.0808880664849972,0.0161776132969994,0.0569240039516767,0.484363234818545,0.486766635351782,0.860267107545519,0.3581634
rbf,104,0.0161646635265698,0.00323293270531396,0.0117948317653417,0.101498729163872,0.101406731976651,0.697767265756662,0.0014197
rbf_arima,104,0.0161646635265698,0.00323293270531396,0.0117948317653417,0.101498729163872,0.101406731976651,0.697767265756662,0.0784068
arima,104,0.210474188218905,0.0420948376437809,0.163646188985887,1.40918388348364,1.42579723555955,-50.2396138743499,0.3211948
rbf,105,0.0944597746816471,0.0188919549363294,0.0902324075116038,0.757903439132405,0.754785408381386,0.423621080377893,0.0013659
rbf_arima,105,0.0944597746816471,0.0188919549363294,0.0902324075116038,0.757903439132405,0.754785408381386,0.423621080377893,0.0799889
arima,105,0.0641862301994977,0.0128372460398995,0.0503634833409664,0.42090042995796,0.422335673452527,0.733867436852018,0.3155001
rbf,106,0.0320029430692299,0.00640058861384598,0.0306183978823657,0.247804899163981,0.247470799496444,0.935568725875364,0.0011161
rbf_arima,106,0.0320029430692299,0.00640058861384598,0.0306183978823657,0.247804899163981,0.247470799496444,0.935568725875364,0.079341
arima,106,0.0321771978834179,0.00643543957668358,0.0222804945712024,0.179025111271668,0.178693358377191,0.934865163942152,0.4144554
rbf,107,0.0280339257490079,0.00560678514980159,0.026028021943594,0.206231055814531,0.206477837490224,0.247925866820655,0.0012392
rbf_arima,107,0.0280339257490079,0.00560678514980159,0.026028021943594,0.206231055814531,0.206477837490224,0.247925866820655,0.0856312
arima,107,0.112332490586329,0.0224664981172657,0.0818440701241004,0.648329428425073,0.644396771844252,-11.0754574045374,0.2387854
rbf,108,0.159080720520821,0.0318161441041642,0.138037711480065,1.13547653073822,1.12689155803472,0.434749987753823,0.0012895
rbf_arima,108,0.159080720520821,0.0318161441041642,0.138037711480065,1.13547653073822,1.12689155803472,0.434749987753823,0.0838774
arima,108,0.197928175026737,0.0395856350053474,0.153628688927171,1.26893322070196,1.25558205144839,0.124974473954973,0.2393527
rbf,109,0.0343692755852363,0.00687385511704726,0.0260133851673062,0.233493680668373,0.233975318770956,0.985332115612841,0.0012081
rbf_arima,109,0.0343692755852363,0.00687385511704726,0.0260133851673062,0.233493680668373,0.233975318770956,0.985332115612841,0.0804274
arima,109,0.0319273779437343,0.00638547558874686,0.0268114000208087,0.239592538841249,0.239181671686227,0.987342345768917,0.3242171
rbf,110,0.0205072885829989,0.00410145771659978,0.0189406242006418,0.178550760343493,0.178663609499008,0.981471570978383,0.0011052
rbf_arima,110,0.0205072885829989,0.00410145771659978,0.0189406242006418,0.178550760343493,0.178663609499008,0.981471570978383,0.0790968
arima,110,0.140614030962174,0.0281228061924349,0.101937142354426,0.975026014017655,0.984223851723344,0.128877103557788,0.3254035
rbf,111,0.0882416526614881,0.0176483305322976,0.0823404158981061,0.772702445429169,0.769323839585613,0.729181546890354,0.0010814
rbf_arima,111,0.0882416526614881,0.0176483305322976,0.0823404158981061,0.772702445429169,0.769323839585613,0.729181546890354,0.0802785
arima,111,0.292487470707395,0.0584974941414791,0.224983079150524,2.09610739376678,2.13357929330233,-1.97540110745003,0.2173839
rbf,112,0.00861577002771761,0.00172315400554352,0.00794952486272512,0.068505441985274,0.0684784236401067,0.999340148040059,0.0013705
rbf_arima,112,0.00861577002771761,0.00172315400554352,0.00794952486272512,0.068505441985274,0.0684784236401067,0.999340148040059,0.078363
arima,112,0.0404605133099989,0.00809210266199979,0.0339361748458188,0.289327277480027,0.289915788344363,0.985448053446813,0.2680978
rbf,113,0.0078350693365372,0.00156701386730744,0.00692301158603907,0.0548665351876012,0.0548679100084796,0.999076778636236,0.0011434
rbf_arima,113,0.0078350693365372,0.00156701386730744,0.00692301158603907,0.0548665351876012,0.0548679100084796,0.999076778636236,0.0799006
arima,113,0.172259612138093,0.0344519224276186,0.124724497930066,0.972373356829292,0.963541605814855,0.553740897662781,0.25853
rbf,114,0.0658468336932996,0.0131693667386599,0.053499658858174,0.411137654814292,0.412425998288203,-3.53568948232982,0.0010767
rbf_arima,114,0.0658468336932996,0.0131693667386599,0.053499658858174,0.411137654814292,0.412425998288203,-3.53568948232982,0.0783562
arima,114,0.257153118708255,0.0514306237416509,0.200513106832503,1.54086564146714,1.52158557366134,-68.1762656067207,0.2193728
rbf,115,0.143694101858559,0.0287388203717118,0.129720766184193,1.0225544402568,1.0290612531919,-0.246366159544568,0.0010856
rbf_arima,115,0.143694101858559,0.0287388203717118,0.129720766184193,1.0225544402568,1.0290612531919,-0.246366159544568,0.0818767
arima,115,0.0718793300794634,0.0143758660158927,0.0562680575885385,0.444947496980589,0.44332888134665,0.688128416065554,0.2332234
rbf,116,0.0683740330539032,0.0136748066107806,0.0613374730552384,0.502284983852832,0.503869495685332,0.725177197994426,0.0011125
rbf_arima,116,0.0683740330539032,0.0136748066107806,0.0613374730552384,0.502284983852832,0.503869495685332,0.725177197994426,0.083316
arima,116,0.0216577964605025,0.00433155929210049,0.0142250461427738,0.117158054003792,0.117318182648025,0.972426055071775,0.2524232
rbf,117,0.0325775695940955,0.0065155139188191,0.0303299828063456,0.253390299195029,0.253761594871831,0.0688081043878241,0.0011353
rbf_arima,117,0.0325775695940955,0.0065155139188191,0.0303299828063456,0.253390299195029,0.253761594871831,0.0688081043878241,0.0802161
arima,117,0.105274328947416,0.0210548657894832,0.0774335577659263,0.647385912222794,0.651286358204267,-8.72404116405075,0.2208547
rbf,118,0.0318380739941489,0.00636761479882977,0.0244471753381267,0.198701621690016,0.199033706522189,0.949892456375161,0.0010958
rbf_arima,118,0.0318380739941489,0.00636761479882977,0.0244471753381267,0.198701621690016,0.199033706522189,0.949892456375161,0.0842305
arima,118,0.129792233331819,0.0259584466663638,0.10079579914891,0.819177770095511,0.824742836670741,0.167264750655516,0.2201085
rbf,119,0.0902699311548841,0.0180539862309768,0.0841090336884285,0.653497058048746,0.655947006469567,0.776067566399518,0.0010742
rbf_arima,119,0.0902699311548841,0.0180539862309768,0.0841090336884285,0.653497058048746,0.655947006469567,0.776067566399518,0.0835282
arima,119,0.0116359333521817,0.00232718667043635,0.00683080265558698,0.0525363550981344,0.0524976920140494,0.996279226550822,0.3159166
rbf,120,0.0109793871800062,0.00219587743600123,0.0100433401311202,0.0753136035716313,0.0752838188425479,0.988246089778365,0.0010642
rbf_arima,120,0.0109793871800062,0.00219587743600123,0.0100433401311202,0.0753136035716313,0.0752838188425479,0.988246089778365,0.0781065
arima,120,0.12354831227717,0.024709662455434,0.0903215802102137,0.673219613481621,0.669023623155582,-0.488331942234032,0.3211669
rbf,121,0.0913091211479813,0.0182618242295963,0.0787941761045824,0.596927865444038,0.599357808769905,0.611225768459428,0.0010578
rbf_arima,121,0.0913091211479813,0.0182618242295963,0.0787941761045824,0.596927865444038,0.599357808769905,0.611225768459428,0.0764452
arima,121,0.246483734150748,0.0492967468301497,0.188817467938781,1.43450509790145,1.41708115988014,-1.83299413717236,0.2302688
rbf,122,0.244863006933521,0.0489726013867042,0.209358169369505,1.70100301331907,1.72138366114691,0.285433205448086,0.0011775
rbf_arima,122,0.244863006933521,0.0489726013867042,0.209358169369505,1.70100301331907,1.72138366114691,0.285433205448086,0.0888233
arima,122,0.0821862583539519,0.0164372516707904,0.0651320562094618,0.531131909053286,0.528867123533871,0.91950018314638,0.3070102
rbf,123,0.0257024034499936,0.00514048068999873,0.0190436567334152,0.167203116730131,0.166959140705537,0.986679951994411,0.0011274
rbf_arima,123,0.0257024034499936,0.00514048068999873,0.0190436567334152,0.167203116730131,0.166959140705537,0.986679951994411,0.0796436
arima,123,0.0823878517871192,0.0164775703574238,0.0579285293198041,0.51048156128569,0.51315821996972,0.863137434919183,0.3292207
rbf,124,0.0305318167456075,0.0061063633491215,0.0282190460566641,0.251403747283927,0.251140678060906,0.899699172944582,0.0011324
rbf_arima,124,0.0305318167456075,0.0061063633491215,0.0282190460566641,0.251403747283927,0.251140678060906,0.899699172944582,0.0795929
arima,124,0.300176062984833,0.0600352125969665,0.221199466952368,1.95356235314128,1.98917507144159,-8.6950786033031,0.2197186
rbf,125,0.195739617606185,0.0391479235212371,0.176619768637861,1.43364711391796,1.44611898642898,0.76317628357654,0.0011418
rbf_arima,125,0.195739617606185,0.0391479235212371,0.176619768637861,1.43364711391796,1.44611898642898,0.76317628357654,0.0717672
arima,125,0.158709378604942,0.0317418757209884,0.124677709817044,1.00170276630112,1.00975060918573,0.84430563178658,0.2865006
rbf,126,0.0195402153470381,0.00390804306940762,0.0193653219865057,0.142413209497342,0.142516638415928,0.997701581990408,0.0012528
rbf_arima,126,0.0195402153470381,0.00390804306940762,0.0193653219865057,0.142413209497342,0.142516638415928,0.997701581990408,0.0808347
arima,126,0.160152839929574,0.0320305679859149,0.113707786272407,0.812971088549656,0.806577592250949,0.845602731363364,0.2936815
rbf,127,0.0538537884040089,0.0107707576808018,0.0491403037275617,0.33683278327511,0.33615464806718,0.74742266856762,0.0014305
rbf_arima,127,0.0538537884040089,0.0107707576808018,0.0491403037275617,0.33683278327511,0.33615464806718,0.74742266856762,0.0816713
arima,127,0.364420210412677,0.0728840420825355,0.268966608376113,1.84081433823831,1.81032883361813,-10.5655625113312,0.2857181
rbf,128,0.055087846467796,0.0110175692935592,0.0487119216864392,0.348458781708651,0.349247616833625,0.965128341576537,0.0013758
rbf_arima,128,0.055087846467796,0.0110175692935592,0.0487119216864392,0.348458781708651,0.349247616833625,0.965128341576537,0.0757695
arima,128,0.256930756747466,0.0513861513494931,0.197971479565965,1.42506564085434,1.40796906707147,0.241434295108509,0.2922611
rbf,129,0.0212602664921037,0.00425205329842074,0.0143458900405583,0.114862805804713,0.115010745223815,0.997112515513021,0.0011591
rbf_arima,129,0.0212602664921037,0.00425205329842074,0.0143458900405583,0.114862805804713,0.115010745223815,0.997112515513021,0.0777782
arima,129,0.0468773659031732,0.00937547318063465,0.0392032139506214,0.310795186342107,0.310096398132057,0.985961889649605,0.3061418
rbf,130,0.0290597285590337,0.00581194571180675,0.027599108010493,0.233684325692542,0.233986034805872,0.98085917074023,0.0011108
rbf_arima,130,0.0290597285590337,0.00581194571180675,0.027599108010493,0.233684325692542,0.233986034805872,0.98085917074023,0.0811011
arima,130,0.185636623809626,0.0371273247619252,0.134222452252506,1.15780455333459,1.17088954760111,0.218903008332322,0.3080564
rbf,131,0.0433225367469637,0.00866450734939273,0.0343693090367993,0.291230670864076,0.291896871985966,0.915920575833126,0.0010917
rbf_arima,131,0.0433225367469637,0.00866450734939273,0.0343693090367993,0.291230670864076,0.291896871985966,0.915920575833126,0.0761272
arima,131,0.274707744765991,0.0549415489531981,0.213359725771736,1.80683787722545,1.83412117821715,-2.38067777290049,0.2219804
rbf,132,0.127772756037476,0.0255545512074953,0.117258917803105,0.928716502796611,0.93379951894512,0.81307567359261,0.0010655
rbf_arima,132,0.127772756037476,0.0255545512074953,0.117258917803105,0.928716502796611,0.93379951894512,0.81307567359261,0.0787237
arima,132,0.0424979974161056,0.00849959948322112,0.0351398242799826,0.27669036777616,0.277245063224746,0.979321157246316,0.2805265
rbf,133,0.107173466104572,0.0214346932209145,0.100914221799774,0.745507820946607,0.748632099765157,0.777502213324529,0.0011464
rbf_arima,133,0.107173466104572,0.0214346932209145,0.100914221799774,0.745507820946607,0.748632099765157,0.777502213324529,0.0761185
arima,133,0.14364809648882,0.028729619297764,0.10384548890954,0.76041580594667,0.754975678824142,0.600284588756703,0.2776569
rbf,134,0.0577907650224193,0.0115581530044839,0.0480368303112863,0.349272606647217,0.350161975907924,0.381138214783578,0.0011533
rbf_arima,134,0.0577907650224193,0.0115581530044839,0.0480368303112863,0.349272606647217,0.350161975907924,0.381138214783578,0.0756288
arima,134,0.286251920229787,0.0572503840459574,0.214576188815132,1.56213958362543,1.54067017529154,-14.1835595095523,0.2223833
rbf,135,0.0109797338185165,0.0021959467637033,0.00893727389330318,0.0671052569073129,0.0671387025893346,0.99874536270169,0.0013105
rbf_arima,135,0.0109797338185165,0.0021959467637033,0.00893727389330318,0.0671052569073129,0.0671387025893346,0.99874536270169,0.080126
arima,135,0.181182917623927,0.0362365835247854,0.141678833801969,1.10204468020586,1.0920718825764,0.658359720282259,0.2178821
rbf,136,0.0338585420847978,0.00677170841695956,0.0288040588503754,0.24466669187197,0.244246405693188,0.98838086808461,0.0011752
rbf_arima,136,0.0338585420847978,0.00677170841695956,0.0288040588503754,0.24466669187197,0.244246405693188,0.98838086808461,0.0884764
arima,136,0.0119647634617547,0.00239295269235094,0.0103646744834084,0.0871688071322714,0.0871258379211313,0.998549073512511,0.2759731
rbf,137,0.0288759500652333,0.00577519001304666,0.0277393744115746,0.247093717296377,0.24676258504679,0.881551517508289,0.0013075
rbf_arima,137,0.0288759500652333,0.00577519001304666,0.0277393744115746,0.247093717296377,0.24676258504679,0.881551517508289,0.0860276
arima,137,0.22826809250756,0.045653618501512,0.169876588021285,1.51759252603941,1.53874329921091,-6.40197060858937,0.2343134
rbf,138,0.112236317314429,0.0224472634628857,0.0959879176469707,0.834502262908389,0.829810445142274,0.377303601005851,0.0012763
rbf_arima,138,0.112236317314429,0.0224472634628857,0.0959879176469707,0.834502262908389,0.829810445142274,0.377303601005851,0.0763263
arima,138,0.130017749969959,0.0260035499939917,0.100966631583954,0.875561899669021,0.881920166651397,0.164368447873038,0.2158375
rbf,139,0.0262557335662957,0.00525114671325913,0.01902216880415,0.156388904290823,0.156595896782927,0.98105567696119,0.0011
rbf_arima,139,0.0262557335662957,0.00525114671325913,0.01902216880415,0.156388904290823,0.156595896782927,0.98105567696119,0.0739875
arima,139,0.0133188924660006,0.00266377849320013,0.00776205368570852,0.063425385647096,0.0633673420540466,0.995125085507715,0.2914985
rbf,140,0.0614028725717442,0.0122805745143488,0.057860687727918,0.459459088142058,0.460646110247175,0.632376262374802,0.0011065
rbf_arima,140,0.0614028725717442,0.0122805745143488,0.057860687727918,0.459459088142058,0.460646110247175,0.632376262374802,0.0757007
arima,140,0.123017664192854,0.0246035328385708,0.0899312758339603,0.711282458616891,0.706601162414366,-0.475574432236508,0.2938176
rbf,141,0.0535986551885963,0.0107197310377193,0.0475460491850235,0.378494845641975,0.379411834967045,0.4417868044811,0.0011285
rbf_arima,141,0.0535986551885963,0.0107197310377193,0.0475460491850235,0.378494845641975,0.379411834967045,0.4417868044811,0.0730648
arima,141,0.132774063170174,0.0265548126340348,0.103118908002896,0.822259753093212,0.816676399056722,-2.4254592361895,0.2304784
rbf,142,0.0251295574815199,0.00502591149630398,0.0237463120188978,0.194375930604901,0.194587691568067,0.968639041912443,0.0011501
rbf_arima,142,0.0251295574815199,0.00502591149630398,0.0237463120188978,0.194375930604901,0.194587691568067,0.968639041912443,0.0810557
arima,142,0.0338303717413381,0.00676607434826762,0.0270316370042349,0.223384641773978,0.222992090656175,0.943162733877019,0.3153852
rbf,143,0.0970369924208937,0.0194073984841787,0.0875244857221864,0.748164888805762,0.744722165615328,0.20885490828615,0.0013933
rbf_arima,143,0.0970369924208937,0.0194073984841787,0.0875244857221864,0.748164888805762,0.744722165615328,0.20885490828615,0.081449
arima,143,0.0494364102316319,0.00988728204632638,0.035268773913759,0.302686624629117,0.303593987537392,0.794659158265841,0.2981397
rbf,144,0.0508886581991239,0.0101777316398248,0.0480379862386249,0.412636631753567,0.411683685798289,0.725252256438607,0.0015023
rbf_arima,144,0.0508886581991239,0.0101777316398248,0.0480379862386249,0.412636631753567,0.411683685798289,0.725252256438607,0.0836253
arima,144,0.210758176266364,0.0421516352532728,0.148109165027835,1.26255205143022,1.27881227795796,-3.71260455277268,0.2486131
rbf,145,0.110831232136056,0.0221662464272112,0.104652626530687,0.827339069088657,0.83113537037395,0.92158451246052,0.0013498
rbf_arima,145,0.110831232136056,0.0221662464272112,0.104652626530687,0.827339069088657,0.83113537037395,0.92158451246052,0.0798923
arima,145,0.191358865870057,0.0382717731740114,0.150493643808106,1.17340399918986,1.18444525095997,0.766237576606585,0.250985
rbf,146,0.0261365817813814,0.00522731635627629,0.0258858346656063,0.184873991738498,0.184700470518491,0.995753044551799,0.0011352
rbf_arima,146,0.0261365817813814,0.00522731635627629,0.0258858346656063,0.184873991738498,0.184700470518491,0.995753044551799,0.0762653
arima,146,0.104303284313171,0.0208606568626341,0.0724340640593011,0.504625561413845,0.502039607959306,0.932364283462089,0.2313721
rbf,147,0.0149861343756494,0.00299722687512987,0.00987106548734887,0.0661017540608091,0.066151696364229,0.979298864222133,0.0011322
rbf_arima,147,0.0149861343756494,0.00299722687512987,0.00987106548734887,0.0661017540608091,0.066151696364229,0.979298864222133,0.0765452
arima,147,0.357923937691063,0.0715847875382126,0.264534376334731,1.76975923913145,1.74162606835038,-10.8085457982163,0.2214276
rbf,148,0.0414358973159831,0.00828717946319661,0.0388625882106092,0.274659757001308,0.275096033617644,0.989241040570499,0.0010946
rbf_arima,148,0.0414358973159831,0.00828717946319661,0.0388625882106092,0.274659757001308,0.275096033617644,0.989241040570499,0.0740164
arima,148,0.378045444627966,0.0756090889255933,0.293372740891588,2.09953811126573,2.06300653226974,0.104419163417591,0.2477552
rbf,149,0.067430462660144,0.0134860925320288,0.0616449785560192,0.498892149197529,0.497381419839695,0.984160178173023,0.0011568
rbf_arima,149,0.067430462660144,0.0134860925320288,0.0616449785560192,0.498892149197529,0.497381419839695,0.984160178173023,0.0749291
arima,149,0.0946428465462598,0.018928569309252,0.0771693153784946,0.632259471450815,0.629202243809592,0.968795760606472,0.2717289
rbf,150,0.0513423652139787,0.0102684730427957,0.0498332945078842,0.450911957828271,0.451997411996339,0.967417444221816,0.0011351
rbf_arima,150,0.0513423652139787,0.0102684730427957,0.0498332945078842,0.450911957828271,0.451997411996339,0.967417444221816,0.074434
arima,150,0.198065306003343,0.0396130612006685,0.141350944039731,1.30254063746598,1.31962676245441,0.515102190069967,0.2812746
rbf,151,0.0351555914285678,0.00703111828571356,0.0289989953288921,0.263152440083663,0.262650018016054,0.942368760096932,0.0010961
rbf_arima,151,0.0351555914285678,0.00703111828571356,0.0289989953288921,0.263152440083663,0.262650018016054,0.942368760096932,0.0802781
arima,151,0.286842459928078,0.0573684919856156,0.224701919194642,2.03599224678295,2.07009316231972,-2.83668392787699,0.2183515
rbf,152,0.0382274006579278,0.00764548013158557,0.0359288984886595,0.303993964512077,0.303479334181046,0.98258409644599,0.0010956
rbf_arima,152,0.0382274006579278,0.00764548013158557,0.0359288984886595,0.303993964512077,0.303479334181046,0.98258409644599,0.0855049
arima,152,0.0408698988038504,0.00817397976077009,0.0338385857454197,0.284071175434893,0.284654081463133,0.980093101642261,0.3083577
rbf,153,0.0349850263582815,0.00699700527165631,0.0337660960557513,0.265713723791595,0.26533740891908,0.975321274458256,0.0010869
rbf_arima,153,0.0349850263582815,0.00699700527165631,0.0337660960557513,0.265713723791595,0.26533740891908,0.975321274458256,0.0775084
arima,153,0.143411561815951,0.0286823123631903,0.103731033598781,0.807229007332681,0.801110400188077,0.585307053819654,0.2594322
rbf,154,0.00642788989262172,0.00128557797852434,0.00603232670551268,0.0465405834898127,0.0465388841633206,0.994126266396211,0.0013043
rbf_arima,154,0.00642788989262172,0.00128557797852434,0.00603232670551268,0.0465405834898127,0.0465388841633206,0.994126266396211,0.0737205
arima,154,0.295444949747545,0.059088989949509,0.219677168946229,1.70200017417643,1.67611522373549,-11.4088212729185,0.2438907
rbf,155,0.00573408856466967,0.00114681771293393,0.00461236267745703,0.0386519341378094,0.0386636160458591,0.999734349056946,0.0014295
rbf_arima,155,0.00573408856466967,0.00114681771293393,0.00461236267745703,0.0386519341378094,0.0386636160458591,0.999734349056946,0.0755433
arima,155,0.182698492060037,0.0365396984120073,0.141971070094291,1.19256657820586,1.18071672850828,0.730317668162303,0.2749546
rbf,156,0.00289355941398732,0.000578711882797464,0.00225966506558439,0.0210317352281687,0.0210353621496471,0.999934120547507,0.0012732
rbf_arima,156,0.00289355941398732,0.000578711882797464,0.00225966506558439,0.0210317352281687,0.0210353621496471,0.999934120547507,0.0797134
arima,156,0.015896315342843,0.00317926306856859,0.0104231096259639,0.0982170555529365,0.0983125566444634,0.99801171740086,0.2755375
rbf,157,0.0283782173870168,0.00567564347740335,0.0264689245779766,0.26305167878128,0.262653713128904,0.909530451278373,0.0013679
rbf_arima,157,0.0283782173870168,0.00567564347740335,0.0264689245779766,0.26305167878128,0.262653713128904,0.909530451278373,0.0777084
arima,157,0.264203978399567,0.0528407956799134,0.19490805906917,1.94383688766148,1.97931987926484,-6.84171234987944,0.3098175
rbf,158,0.0186202835899257,0.00372405671798514,0.0167261515930803,0.160219752688985,0.160085049265272,0.992506581636673,0.0010853
rbf_arima,158,0.0186202835899257,0.00372405671798514,0.0167261515930803,0.160219752688985,0.160085049265272,0.992506581636673,0.0868289
arima,158,0.196320918664259,0.0392641837328518,0.152459491289561,1.44634923808835,1.46370122796036,0.167008531508033,0.2381454
rbf,159,0.01164774556643,0.002329549113286,0.0107009037575946,0.094426409379878,0.0944059862890169,0.99836990697774,0.0013549
rbf_arima,159,0.01164774556643,0.002329549113286,0.0107009037575946,0.094426409379878,0.0944059862890169,0.99836990697774,0.0847137
arima,159,0.0319692909024431,0.00639385818048863,0.0195360790286154,0.16822567134529,0.167851869957042,0.987720105245773,0.2942214
rbf,160,0.0557719644070133,0.0111543928814027,0.0515001724904831,0.423500976251522,0.424550303005759,0.867396217705156,0.0014268
rbf_arima,160,0.0557719644070133,0.0111543928814027,0.0515001724904831,0.423500976251522,0.424550303005759,0.867396217705156,0.0757569
arima,160,0.191608330333389,0.0383216660666777,0.140120518407926,1.14632399540148,1.13425253579615,-0.565138597561312,0.3227025
rbf,161,0.0210132045217344,0.00420264090434688,0.0190911282651017,0.156829149471586,0.15667988786859,0.906646275543507,0.0013297
rbf_arima,161,0.0210132045217344,0.00420264090434688,0.0190911282651017,0.156829149471586,0.15667988786859,0.906646275543507,0.0723601
arima,161,0.139337803048084,0.0278675606096167,0.109588642207367,0.90210089744362,0.895551497393916,-3.10473374438898,0.2193857
rbf,162,0.0197455560097886,0.00394911120195773,0.0184001706073968,0.155970367430501,0.156110740263893,0.978932493471889,0.0013501
rbf_arima,162,0.0197455560097886,0.00394911120195773,0.0184001706073968,0.155970367430501,0.156110740263893,0.978932493471889,0.0868088
arima,162,0.0341791501910434,0.00683583003820869,0.0272399877647127,0.232345771820162,0.231918953540374,0.936875649398157,0.3210397
rbf,163,0.0201721625471946,0.00403443250943891,0.019306591693125,0.169978659469099,0.169820334146382,0.962800152169604,0.0013631
rbf_arima,163,0.0201721625471946,0.00403443250943891,0.019306591693125,0.169978659469099,0.169820334146382,0.962800152169604,0.1001621
arima,163,0.0494421640575425,0.00988843281150851,0.0353616579914373,0.313089640499677,0.314055642732021,0.776523846330786,0.2834501
rbf,164,0.0111556397505823,0.00223112795011647,0.0106804209629586,0.095017011439594,0.0949676995661242,0.968050165551318,0.0012928
rbf_arima,164,0.0111556397505823,0.00223112795011647,0.0106804209629586,0.095017011439594,0.0949676995661242,0.968050165551318,0.098656
arima,164,0.164364783238372,0.0328729566476744,0.118748465822493,1.04976680199332,1.06039482454875,-5.93581008004987,0.2190083
rbf,165,0.0172230469897616,0.00344460939795231,0.0135077566865834,0.112323432046004,0.112223795759261,0.995523611761264,0.0012794
rbf_arima,165,0.0172230469897616,0.00344460939795231,0.0135077566865834,0.112323432046004,0.112223795759261,0.995523611761264,0.1048103
arima,165,0.109168560829309,0.0218337121658619,0.0854663924116926,0.710367397070156,0.714458428165719,0.820153105474771,0.2982132
rbf,166,0.0177725809424602,0.00355451618849204,0.0174143537523728,0.136531577363943,0.136434372067921,0.995357933278437,0.0013129
rbf_arima,166,0.0177725809424602,0.00355451618849204,0.0174143537523728,0.136531577363943,0.136434372067921,0.995357933278437,0.1057842
arima,166,0.0864947585306733,0.0172989517061347,0.0609214804317755,0.46799893682216,0.46582681095381,0.890051335663578,0.3051848
rbf,167,0.00705597190436632,0.00141119438087326,0.00571900823451603,0.0428423965132079,0.0428400017540568,0.989079173198896,0.0012914
rbf_arima,167,0.00705597190436632,0.00141119438087326,0.00571900823451603,0.0428423965132079,0.0428400017540568,0.989079173198896,0.0861882
arima,167,0.237102821642977,0.0474205643285953,0.17382984141409,1.2966576740768,1.28123358446631,-11.3314821451166,0.3312654
rbf,168,0.0732067736379597,0.0146413547275919,0.067557828821001,0.526750168895303,0.525106708596785,0.933770407848727,0.0014625
rbf_arima,168,0.0732067736379597,0.0146413547275919,0.067557828821001,0.526750168895303,0.525106708596785,0.933770407848727,0.0959342
arima,168,0.267705727788836,0.0535411455577672,0.207765951087671,1.63436297679265,1.61221844398849,0.114344399614095,0.2538723
rbf,169,0.03750117155493,0.00750023431098601,0.0366733860840516,0.313224074404151,0.313738555354985,0.990338146300975,0.0012385
rbf_arima,169,0.03750117155493,0.00750023431098601,0.0366733860840516,0.313224074404151,0.313738555354985,0.990338146300975,0.0873808
arima,169,0.0550359165398378,0.0110071833079676,0.045433207170668,0.396304975535436,0.395137746368594,0.979190425851248,0.2718486
rbf,170,0.0686255604755765,0.0137251120951153,0.0643115703404165,0.607670740905568,0.605556817721742,0.885201031495927,0.0013579
rbf_arima,170,0.0686255604755765,0.0137251120951153,0.0643115703404165,0.607670740905568,0.605556817721742,0.885201031495927,0.1092176
arima,170,0.159486364450064,0.0318972728900127,0.11498610221642,1.09603509087867,1.10782683110593,0.379969157287947,0.2194378
rbf,171,0.0331228989016958,0.00662457978033915,0.0299961557680122,0.283232051035478,0.28372216275638,0.961028523530473,0.0013201
rbf_arima,171,0.0331228989016958,0.00662457978033915,0.0299961557680122,0.283232051035478,0.28372216275638,0.961028523530473,0.0787312
arima,171,0.300924283188439,0.0601848566376878,0.232900042153765,2.16724196520607,2.20683142271821,-2.21665624131464,0.2251359
rbf,172,0.129928060756287,0.0259856121512575,0.121408827122571,1.04263013121757,1.03653744827011,0.846741905138966,0.0013057
rbf_arima,172,0.129928060756287,0.0259856121512575,0.121408827122571,1.04263013121757,1.03653744827011,0.846741905138966,0.0759611
arima,172,0.0697713860076761,0.0139542772015352,0.0568236586469002,0.483318440443922,0.485059404672822,0.955805094423222,0.2163554
rbf,173,0.0667030952452507,0.0133406190490501,0.0544897383047456,0.426752734670109,0.42540949116908,0.93166057397937,0.0012406
rbf_arima,173,0.0667030952452507,0.0133406190490501,0.0544897383047456,0.426752734670109,0.42540949116908,0.93166057397937,0.0761065
arima,173,0.147027428579961,0.0294054857159921,0.106550662254764,0.831171873614081,0.824720338235831,0.667970955064172,0.2209519
rbf,174,0.0524453773297907,0.0104890754659581,0.0478083762939834,0.368634805235715,0.367815573822462,0.238376184451208,0.0012982
rbf_arima,174,0.0524453773297907,0.0104890754659581,0.0478083762939834,0.368634805235715,0.367815573822462,0.238376184451208,0.0738673
arima,174,0.294342552249704,0.0588685104499407,0.223962050386278,1.72939282822791,1.70390133421562,-22.990107255599,0.227473
rbf,175,0.128575291246088,0.0257150582492175,0.116767703429844,0.949016681180059,0.943518599401712,0.748435422807204,0.0012127
rbf_arima,175,0.128575291246088,0.0257150582492175,0.116767703429844,0.949016681180059,0.943518599401712,0.748435422807204,0.0753516
arima,175,0.129641990844999,0.0259283981689997,0.100811536086063,0.825104296209431,0.819448530878633,0.744243995949343,0.2664346
rbf,176,0.024548626619847,0.0049097253239694,0.0237139563502363,0.206358964599746,0.206131287548466,0.991069177475176,0.0014254
rbf_arima,176,0.024548626619847,0.0049097253239694,0.0237139563502363,0.206358964599746,0.206131287548466,0.991069177475176,0.074232
arima,176,0.0220822251924342,0.00441644503848684,0.0129683685440886,0.115836176729801,0.116032465857576,0.992773587854125,0.3432712
rbf,177,0.0389202056823487,0.00778404113646974,0.0361687136345796,0.332711849267746,0.33335565902561,0.677471549586409,0.0013766
rbf_arima,177,0.0389202056823487,0.00778404113646974,0.0361687136345796,0.332711849267746,0.33335565902561,0.677471549586409,0.0732999
arima,177,0.201313386888181,0.0402626773776363,0.148491220779742,1.36864802428785,1.38612784509063,-7.62905202693862,0.4584699
rbf,178,0.0466270019949239,0.00932540039898479,0.0398377865817672,0.354977461302215,0.354123247138537,0.925827088161036,0.0013498
rbf_arima,178,0.0466270019949239,0.00932540039898479,0.0398377865817672,0.354977461302215,0.354123247138537,0.925827088161036,0.0734687
arima,178,0.157021104708004,0.0314042209416008,0.121926068444421,1.0828377106772,1.09256536989177,0.158824914288918,0.2621479
rbf,179,0.0490433440138223,0.00980866880276445,0.0391307860508174,0.325440693270003,0.324619966824167,0.954380372647487,0.0011283
rbf_arima,179,0.0490433440138223,0.00980866880276445,0.0391307860508174,0.325440693270003,0.324619966824167,0.954380372647487,0.0845399
arima,179,0.0207012488947345,0.0041402497789469,0.0122770462413438,0.101323364859387,0.101179125977745,0.991871981607132,0.3942398
rbf,180,0.0436835916078772,0.00873671832157544,0.0406068450896012,0.323725593038092,0.323123695343138,0.871582665487746,0.0011886
rbf_arima,180,0.0436835916078772,0.00873671832157544,0.0406068450896012,0.323725593038092,0.323123695343138,0.871582665487746,0.0857604
arima,180,0.146070475543894,0.0292140951087788,0.106739932265016,0.84723929063468,0.840606237917738,-0.43585921915678,0.3361419
rbf,181,0.0613582958468607,0.0122716591693721,0.045095913450023,0.359295771438028,0.360495271235172,-0.854310452371368,0.0012427
rbf_arima,181,0.0613582958468607,0.0122716591693721,0.045095913450023,0.359295771438028,0.360495271235172,-0.854310452371368,0.0810148
arima,181,0.0967458902795509,0.0193491780559102,0.0765408835317237,0.609509018604932,0.60655037649942,-3.60999993280121,0.2621859
rbf,182,0.128813580512652,0.0257627161025304,0.119167713704489,0.968074120120961,0.973607869628872,-1.08875018021704,0.0011172
rbf_arima,182,0.128813580512652,0.0257627161025304,0.119167713704489,0.968074120120961,0.973607869628872,-1.08875018021704,0.0799005
arima,182,0.0197081190907607,0.00394162381815213,0.0158093594807323,0.128735333668434,0.12860619337395,0.95110622697885,0.3573643
rbf,183,0.0620412100849449,0.012408242016989,0.0529736621087463,0.440750162655165,0.43941758174498,0.180242197428849,0.0012101
rbf_arima,183,0.0620412100849449,0.012408242016989,0.0529736621087463,0.440750162655165,0.43941758174498,0.180242197428849,0.0861117
arima,183,0.0377400620377958,0.00754801240755915,0.0272137811809679,0.226807883383914,0.227305231992899,0.696659597545938,0.3809139
rbf,184,0.107928280737674,0.0215856561475347,0.095684021615279,0.796967449703399,0.792962765119493,-2.99096279968183,0.0014942
rbf_arima,184,0.107928280737674,0.0215856561475347,0.095684021615279,0.796967449703399,0.792962765119493,-2.99096279968183,0.0821955
arima,184,0.124168476266464,0.0248336952532928,0.0880279975368763,0.73148699503717,0.736833847475008,-4.28238273978382,0.2353981
rbf,185,0.0212197317073899,0.00424394634147797,0.0175854981953549,0.139323637236316,0.139463281099122,0.990776928129207,0.0013498
rbf_arima,185,0.0212197317073899,0.00424394634147797,0.0175854981953549,0.139323637236316,0.139463281099122,0.990776928129207,0.0800274
arima,185,0.0945297057574147,0.0189059411514829,0.0739809534847919,0.584834883003059,0.587612982259073,0.816965723089135,0.2930924
rbf,186,0.052267988530965,0.010453597706193,0.044676966338935,0.332932343452121,0.333684421246317,0.945503326486811,0.0013592
rbf_arima,186,0.052267988530965,0.010453597706193,0.044676966338935,0.332932343452121,0.333684421246317,0.945503326486811,0.0745666
arima,186,0.0687793359205679,0.0137558671841136,0.04822634085761,0.357302029555215,0.356020453953577,0.90563425433151,0.3718943
rbf,187,0.00894759728424357,0.00178951945684871,0.00831242528546034,0.060282486376288,0.06030356972212,0.97787909522012,0.0012228
rbf_arima,187,0.00894759728424357,0.00178951945684871,0.00831242528546034,0.060282486376288,0.06030356972212,0.97787909522012,0.0773527
arima,187,0.193399362123586,0.0386798724247171,0.143700585269614,1.03817804117446,1.02852865182194,-9.33475303535258,0.2896939
rbf,188,0.0756488317652351,0.015129766353047,0.0628001741457316,0.461066577068559,0.462622449787287,0.467181571998605,0.0012942
rbf_arima,188,0.0756488317652351,0.015129766353047,0.0628001741457316,0.461066577068559,0.462622449787287,0.467181571998605,0.0751202
arima,188,0.107409492062473,0.0214818984124945,0.0815348095054253,0.599461779196519,0.596346153427463,-0.0741380747455822,0.2697927
rbf,189,0.15832983036924,0.0316659660738479,0.133458447339106,1.02769454131876,1.02024089643268,0.484501253344965,0.0011978
rbf_arima,189,0.15832983036924,0.0316659660738479,0.133458447339106,1.02769454131876,1.02024089643268,0.484501253344965,0.0738569
arima,189,0.0922138441339308,0.0184427688267862,0.0694405296789398,0.536727787426527,0.534174548350031,0.825138429526259,0.3260313
rbf,190,0.114482657254327,0.0228965314508655,0.0897340952399002,0.753241854353436,0.757966870908898,0.878910294720645,0.0012012
rbf_arima,190,0.114482657254327,0.0228965314508655,0.0897340952399002,0.753241854353436,0.757966870908898,0.878910294720645,0.0771993
arima,190,0.100655166673706,0.0201310333347412,0.0758174373203227,0.63764204946652,0.634022022428842,0.90639480242798,0.3849726
