Model,Segment,RMSE,nRMSE,MAE,MAPE,sMAPE_pct,R2,Time_sec
rbf,1,0.365563380863168,0.0281608858629398,0.297213570534959,1.5422298601984,1.52421057887149,0.090302519378335,1.9493835
rbf_arima,1,0.365563380863168,0.0281608858629398,0.297213570534959,1.5422298601984,1.52421057887149,0.090302519378335,0.0027868
arima,1,0.542331251846929,0.0417780589705269,0.413627805896306,2.15190820098369,2.11239693683452,-1.0021696985404,0.3650967
rbf,2,0.423322996347182,0.0326103521505422,0.331610301353209,1.96792573998664,2.00102730876683,0.688224005955895,0.0012315
rbf_arima,2,0.423322996347182,0.0326103521505422,0.331610301353209,1.96792573998664,2.00102730876683,0.688224005955895,0.0909649
arima,2,0.247775309073799,0.0190871749298479,0.195138167628605,1.15768666987408,1.14672444679041,0.893189240621085,0.3199479
rbf,3,0.04813832585806,0.00370829785226558,0.0416378539346865,0.27928599492821,0.279095532416536,0.993179083116761,0.0011788
rbf_arima,3,0.04813832585806,0.00370829785226558,0.0416378539346865,0.27928599492821,0.279095532416536,0.993179083116761,0.0627813
arima,3,0.165077850890533,0.0127166416571898,0.113130008118066,0.782558079704109,0.789263985987658,0.91978817361674,0.4132445
rbf,4,0.139591724968851,0.010753338107818,0.10197392635446,0.717143818648662,0.721905356814327,-0.0787007390502017,0.0010825
rbf_arima,4,0.139591724968851,0.010753338107818,0.10197392635446,0.717143818648662,0.721905356814327,-0.0787007390502017,0.0569745
arima,4,0.630304137091764,0.048554980593704,0.477100221742247,3.35917964730509,3.46024723356704,-20.9928718537742,0.3237351
rbf,5,0.0407767671853389,0.00314120600333274,0.0406409201085005,0.264457942289047,0.264810211104692,0.994947240096429,0.0010596
rbf_arima,5,0.0407767671853389,0.00314120600333274,0.0406409201085005,0.264457942289047,0.264810211104692,0.994947240096429,0.061711
arima,5,0.361111506834119,0.0278179392688028,0.278880777721807,1.76156121969523,1.78743851293139,0.603734983005849,0.3200183
rbf,6,0.0706591839657089,0.00544317434128227,0.0576568078480081,0.322473415950464,0.323242716264025,0.985224475121529,0.0010877
rbf_arima,6,0.0706591839657089,0.00544317434128227,0.0576568078480081,0.322473415950464,0.323242716264025,0.985224475121529,0.0621007
arima,6,0.0547290609468879,0.00421600991617941,0.0328386144214428,0.181162989813405,0.180714725415668,0.991135756543722,0.5158281
rbf,7,0.0718086225165534,0.00553172043077396,0.0591738871105573,0.313193080047248,0.312473757449027,0.780947460609065,0.0010568
rbf_arima,7,0.0718086225165534,0.00553172043077396,0.0591738871105573,0.313193080047248,0.312473757449027,0.780947460609065,0.0648439
arima,7,0.38033766771262,0.0292990113630688,0.279708523005765,1.47951748743456,1.45960967365969,-5.14516825558707,0.3695576
rbf,8,0.0667481384265321,0.00514189004203584,0.0461953965036552,0.257709720577783,0.258409578011306,0.968882193942871,0.0010677
rbf_arima,8,0.0667481384265321,0.00514189004203584,0.0461953965036552,0.257709720577783,0.258409578011306,0.968882193942871,0.0698176
arima,8,0.295967854848857,0.0227996495705283,0.228345646060078,1.26961987115709,1.25606534249452,0.388185531221241,0.5614966
rbf,9,0.134523895918355,0.01036294190586,0.126039784746841,0.764758123879939,0.768166762208311,0.929733104510059,0.0014185
rbf_arima,9,0.134523895918355,0.01036294190586,0.126039784746841,0.764758123879939,0.768166762208311,0.929733104510059,0.0656828
arima,9,0.0775631836517454,0.00597501849563158,0.0638029501704092,0.390810584281043,0.38966835541923,0.976640521281239,0.3305842
rbf,10,0.0481612861311042,0.00371006657873663,0.0295734345337675,0.197171124502873,0.196654844043179,0.968044660453645,0.0013522
rbf_arima,10,0.0481612861311042,0.00371006657873663,0.0295734345337675,0.197171124502873,0.196654844043179,0.968044660453645,0.0647595
arima,10,0.231219233263173,0.0178117907265933,0.166902612235538,1.11011201796064,1.12217394906347,0.263461932832117,0.4437461
rbf,11,0.186477106127133,0.0143651163562882,0.161852234364926,1.03133105951,1.02450653740713,0.826685308042407,0.0011133
rbf_arima,11,0.186477106127133,0.0143651163562882,0.161852234364926,1.03133105951,1.02450653740713,0.826685308042407,0.069191
arima,11,0.763254253251442,0.0587966876208054,0.58062930683325,3.66917016195072,3.78743679520746,-1.90350650913881,0.3637098
rbf,12,0.278673572014918,0.0214673981731974,0.241574374739529,1.31500626749097,1.3039736906,0.901075643329756,0.0011114
rbf_arima,12,0.278673572014918,0.0214673981731974,0.241574374739529,1.31500626749097,1.3039736906,0.901075643329756,0.0647374
arima,12,0.214083288752059,0.0164917367967064,0.170626059820088,0.920319929133437,0.926863251688686,0.941618237560536,0.3440656
rbf,13,0.0644079275161904,0.00496161374580033,0.0594769561203834,0.28303092661874,0.282571044789359,0.991059698633313,0.0012046
rbf_arima,13,0.0644079275161904,0.00496161374580033,0.0594769561203834,0.28303092661874,0.282571044789359,0.991059698633313,0.0640302
arima,13,0.328586036186418,0.0253123653669924,0.235670600992858,1.10361085140655,1.09210166323007,0.76731321682866,0.3480644
rbf,14,0.213389159473636,0.0164382650968397,0.159479297515992,0.740485595764685,0.735557827010454,0.251086422802676,0.0010461
rbf_arima,14,0.213389159473636,0.0164382650968397,0.159479297515992,0.740485595764685,0.735557827010454,0.251086422802676,0.0713649
arima,14,0.775293477859998,0.0597241197648,0.57268921715519,2.65927501550319,2.5956233163273,-8.88596934689523,0.3145957
rbf,15,0.36110393970418,0.027817356340934,0.333417542789118,1.75867523858792,1.74011167974387,0.87848886063045,0.0010514
rbf_arima,15,0.36110393970418,0.027817356340934,0.333417542789118,1.75867523858792,1.74011167974387,0.87848886063045,0.0745961
arima,15,0.613820118890429,0.0472851472913793,0.475675028378119,2.56157968447122,2.50649291591971,0.648897535643704,0.3781556
rbf,16,0.0212897703909861,0.00164004062062542,0.0184716219413858,0.121724419920488,0.121627885503674,0.999588664494226,0.0010828
rbf_arima,16,0.0212897703909861,0.00164004062062542,0.0184716219413858,0.121724419920488,0.121627885503674,0.999588664494226,0.076442
arima,16,0.116845038667448,0.00900106512253867,0.0999437538553005,0.667230138502478,0.664120777017779,0.987609900423928,0.3601586
rbf,17,0.116617408375398,0.00898352980305938,0.104950368518109,0.7999603547772,0.803962508208917,0.825189357502786,0.0011853
rbf_arima,17,0.116617408375398,0.00898352980305938,0.104950368518109,0.7999603547772,0.803962508208917,0.825189357502786,0.0749532
arima,17,0.668100515878381,0.0514665947344014,0.491000915744923,3.76132525518888,3.89811930673595,-4.73752659659964,0.3474445
rbf,18,0.132535155191616,0.010209740837185,0.10658759313508,0.74348928959972,0.747644452230003,0.944586560787208,0.0011105
rbf_arima,18,0.132535155191616,0.010209740837185,0.10658759313508,0.74348928959972,0.747644452230003,0.944586560787208,0.0746041
arima,18,0.530123945529268,0.0408376787850338,0.407577453353661,2.83013913322478,2.89803205956897,0.113440747545546,0.4191462
rbf,19,0.198973690233102,0.015327780827368,0.187472918432476,1.12982198507499,1.13688893851049,0.93056707324022,0.001085
rbf_arima,19,0.198973690233102,0.015327780827368,0.187472918432476,1.12982198507499,1.13688893851049,0.93056707324022,0.0797006
arima,19,0.0305898101615203,0.00235646182747721,0.0196599126027078,0.11586234196398,0.115735794251907,0.998358927656291,0.3199123
rbf,20,0.0222718915212426,0.0017156975449799,0.0205270084256497,0.111711887066382,0.111785912330263,0.996913375783217,0.0011136
rbf_arima,20,0.0222718915212426,0.0017156975449799,0.0205270084256497,0.111711887066382,0.111785912330263,0.996913375783217,0.0751177
arima,20,0.417454581045148,0.0321582834200071,0.304284825576856,1.61843755612098,1.59442721025445,-0.0843962734776251,0.3116902
rbf,21,0.176233069143859,0.0135759750709096,0.141256708331733,0.759768645965157,0.764329884715611,0.133567165238437,0.0010646
rbf_arima,21,0.176233069143859,0.0135759750709096,0.141256708331733,0.759768645965157,0.764329884715611,0.133567165238437,0.0789293
arima,21,0.300173049636452,0.0231235934244375,0.23405930771258,1.25964471955755,1.24665705565662,-1.51364236802388,0.3597581
rbf,22,0.218218457263498,0.0168102862318268,0.209476899359487,1.19110696360799,1.19893601357062,0.660476074715953,0.0011636
rbf_arima,22,0.218218457263498,0.0168102862318268,0.209476899359487,1.19110696360799,1.19893601357062,0.660476074715953,0.0780975
arima,22,0.095860547908033,0.00738454147683745,0.076267899031136,0.437960634568555,0.436433360446968,0.934481003836441,0.3291999
rbf,23,0.165293296469821,0.0127332383369603,0.130708632009409,0.803207052716987,0.808446390071768,0.670420837496149,0.0010964
rbf_arima,23,0.165293296469821,0.0127332383369603,0.130708632009409,0.803207052716987,0.808446390071768,0.670420837496149,0.0860317
arima,23,0.116791881477567,0.00899697020046666,0.0827411997323193,0.509772644414539,0.51239950973384,0.835458832858881,0.3263517
rbf,24,0.0746972409774623,0.0057542428688452,0.0629933292680163,0.386355202913494,0.387392778834372,0.889417922492902,0.0013902
rbf_arima,24,0.0746972409774623,0.0057542428688452,0.0629933292680163,0.386355202913494,0.387392778834372,0.889417922492902,0.0935164
arima,24,0.513342437250228,0.0395449285699051,0.36389830782264,2.22143852598027,2.27120509930166,-4.22263841970249,0.3017971
rbf,25,0.0426982374132175,0.00328922494234288,0.0374259992988993,0.202455923490796,0.202198087941393,0.997841114869319,0.001158
rbf_arima,25,0.0426982374132175,0.00328922494234288,0.0374259992988993,0.202455923490796,0.202198087941393,0.997841114869319,0.0775911
arima,25,0.396378380481837,0.0305346949821106,0.313274142612452,1.65668777330067,1.67833834350416,0.813950050032979,0.2953775
rbf,26,0.107395162687421,0.00827310140181775,0.104804227263543,0.481940143147745,0.483150014202548,0.986699079921607,0.0012959
rbf_arima,26,0.107395162687421,0.00827310140181775,0.104804227263543,0.481940143147745,0.483150014202548,0.986699079921607,0.0794753
arima,26,0.356030256086784,0.0274265091370461,0.253679653481708,1.13053529610811,1.11838660185866,0.853820639785464,0.2366873
rbf,27,0.126953295326209,0.00977974667802858,0.117368007814896,0.492688733075095,0.491278172844536,0.731559645131908,0.0012542
rbf_arima,27,0.126953295326209,0.00977974667802858,0.117368007814896,0.492688733075095,0.491278172844536,0.731559645131908,0.0825829
arima,27,0.852625577749481,0.0656813369056064,0.633850055203826,2.65479036791312,2.59281963472766,-11.1081156721367,0.2544572
rbf,28,0.113221327072804,0.00872191536641151,0.0922079630349402,0.412735665244768,0.414053260406566,0.970460194847752,0.0012433
rbf_arima,28,0.113221327072804,0.00872191536641151,0.0922079630349402,0.412735665244768,0.414053260406566,0.970460194847752,0.0856417
arima,28,0.625105996167598,0.048154545919642,0.48507563009895,2.17744778033444,2.13815615713597,0.099552339683727,0.2459067
rbf,29,0.14467687258348,0.011145068431664,0.137519136785417,0.698524579491817,0.701296772957967,0.973185444109205,0.0011731
rbf_arima,29,0.14467687258348,0.011145068431664,0.137519136785417,0.698524579491817,0.701296772957967,0.973185444109205,0.0827236
arima,29,0.159216981859076,0.0122651542476391,0.129656400193318,0.669733478007381,0.666292278006656,0.967524850561368,0.3457003
rbf,30,0.0996908841986169,0.00767960840296423,0.0799297281884075,0.464841622436562,0.463148493503496,0.954827027330474,0.0011236
rbf_arima,30,0.0996908841986169,0.00767960840296423,0.0799297281884075,0.464841622436562,0.463148493503496,0.954827027330474,0.0932659
arima,30,0.387551418564475,0.0298547169534458,0.2792183836403,1.62956291796022,1.65590980920557,0.317305448642539,0.3547295
rbf,31,0.0443335847522594,0.0034152026309513,0.0387475842076287,0.220448202979216,0.220712809657098,0.986403030993993,0.0012475
rbf_arima,31,0.0443335847522594,0.0034152026309513,0.0387475842076287,0.220448202979216,0.220712809657098,0.986403030993993,0.0826302
arima,31,0.683236660908652,0.052632595693239,0.529059675926552,2.9874999074612,3.0629272751642,-2.22937688467927,0.2218245
rbf,32,0.045863920956997,0.00353309086989849,0.0413817092714253,0.213319455676102,0.213040306840842,0.996280829418877,0.0010851
rbf_arima,32,0.045863920956997,0.00353309086989849,0.0413817092714253,0.213319455676102,0.213040306840842,0.996280829418877,0.0943516
arima,32,0.0651100428493852,0.00501570064507901,0.0560510355377905,0.281932457234096,0.282462557362547,0.992504515686284,0.3171171
rbf,33,0.0832175205213964,0.00641059586347646,0.0814944296454487,0.370520167707025,0.371233160964152,0.979284514132957,0.0012272
rbf_arima,33,0.0832175205213964,0.00641059586347646,0.0814944296454487,0.370520167707025,0.371233160964152,0.979284514132957,0.0847498
arima,33,0.424994688066307,0.0327391295997198,0.308439269536718,1.37652824377255,1.35903946553467,0.459702965207734,0.3813249
rbf,34,0.0354999891701634,0.00273471358317141,0.0325748422091695,0.143208542987151,0.14333010155269,0.979313684415932,0.0013741
rbf_arima,34,0.0354999891701634,0.00273471358317141,0.0325748422091695,0.143208542987151,0.14333010155269,0.979313684415932,0.0887388
arima,34,0.822654764470438,0.0633725590133084,0.603772556712753,2.68328315105201,2.6177110600669,-10.1086667706516,0.3176629
rbf,35,0.00700197305765467,0.000539391455529291,0.0061244805927263,0.0296291098695158,0.0296285570590664,0.999953817765509,0.0013527
rbf_arima,35,0.00700197305765467,0.000539391455529291,0.0061244805927263,0.0296291098695158,0.0296285570590664,0.999953817765509,0.0879742
arima,35,0.577878846835493,0.0445164398302599,0.448211404155658,2.29169273310974,2.24764100212259,0.685436979509651,0.3000447
rbf,36,0.0101814696345613,0.000784321459164935,0.00909359453338041,0.0533680180821942,0.0533506429739121,0.999904905014671,0.0014746
rbf_arima,36,0.0101814696345613,0.000784321459164935,0.00909359453338041,0.0533680180821942,0.0533506429739121,0.999904905014671,0.0796059
arima,36,0.0700853784521476,0.00539897168745855,0.0612294272877259,0.379752131837406,0.378794830085902,0.995493996541692,0.3635076
rbf,37,0.0153594442743626,0.00118320263946353,0.0131881770350333,0.0934333994899895,0.0933740041003038,0.996933605665574,0.0012709
rbf_arima,37,0.0153594442743626,0.00118320263946353,0.0131881770350333,0.0934333994899895,0.0933740041003038,0.996933605665574,0.076006
arima,37,0.703110815543578,0.0541635854739305,0.517999740671624,3.68175149150442,3.81202368759466,-5.42576081096677,0.284164
rbf,38,0.0536617604778478,0.00413379126884353,0.0388833708054222,0.251471601861817,0.252058333959743,0.990915882223103,0.0013244
rbf_arima,38,0.0536617604778478,0.00413379126884353,0.0388833708054222,0.251471601861817,0.252058333959743,0.990915882223103,0.082586
arima,38,0.503114092469217,0.0387569961209144,0.39092496011833,2.53755161281542,2.59088629545063,0.201479834726776,0.2256262
rbf,39,0.0804167363371767,0.00619483966942796,0.0691298543383522,0.390453189542386,0.38966131818962,0.988658590017804,0.0013956
rbf_arima,39,0.0804167363371767,0.00619483966942796,0.0691298543383522,0.390453189542386,0.38966131818962,0.988658590017804,0.0765466
arima,39,0.147489784190128,0.0113617588521058,0.0982618331213075,0.541893099122318,0.538678712336317,0.961849692457811,0.3017702
rbf,40,0.106275713269864,0.0081868655014857,0.100774599113275,0.514026046767288,0.515492012025105,0.929719052025725,0.0015193
rbf_arima,40,0.106275713269864,0.0081868655014857,0.100774599113275,0.514026046767288,0.515492012025105,0.929719052025725,0.0792081
arima,40,0.554264509253954,0.0426973280149778,0.405785359036332,2.0479118257535,2.0099607991594,-0.911629374207924,0.4903403
rbf,41,0.0343102779438426,0.00264306511998243,0.0332581374595321,0.170379322481704,0.170223619275381,0.98840480391503,0.0014227
rbf_arima,41,0.0343102779438426,0.00264306511998243,0.0332581374595321,0.170379322481704,0.170223619275381,0.98840480391503,0.0774793
arima,41,0.576988692191869,0.0444478674714523,0.446941112698535,2.31121935517851,2.26717172745825,-2.27917223974636,0.3044115
rbf,42,0.116578737274598,0.00898055080540034,0.102197270583421,0.583933158242509,0.581673593489467,0.965786646330755,0.0013251
rbf_arima,42,0.116578737274598,0.00898055080540034,0.102197270583421,0.583933158242509,0.581673593489467,0.965786646330755,0.074791
arima,42,0.197169496862008,0.0151887962182475,0.15562023933548,0.896134363356644,0.889610139274982,0.902132969894759,0.501656
rbf,43,0.129101362825973,0.00994522135862678,0.111389520154079,0.716452822077536,0.712952665055066,0.929012734099729,0.0013356
rbf_arima,43,0.129101362825973,0.00994522135862678,0.111389520154079,0.716452822077536,0.712952665055066,0.929012734099729,0.0837256
arima,43,0.1478712752551,0.0113911467145144,0.102060383777442,0.663980956084989,0.668714949569921,0.906870679882232,0.4591005
rbf,44,0.056191237851191,0.00432864755733559,0.0519305679656543,0.343222307020277,0.342786763542881,0.935570196874708,0.001643
rbf_arima,44,0.056191237851191,0.00432864755733559,0.0519305679656543,0.343222307020277,0.342786763542881,0.935570196874708,0.0777282
arima,44,0.660882234930218,0.0509105401716389,0.485207354162768,3.16115951482125,3.25585090322809,-7.91246343685098,0.3384752
rbf,45,0.19214603891133,0.0148018181088639,0.171840803625637,0.974640689484236,0.980393610647451,0.956544534769056,0.0015681
rbf_arima,45,0.19214603891133,0.0148018181088639,0.171840803625637,0.974640689484236,0.980393610647451,0.956544534769056,0.0764431
arima,45,0.312305480092064,0.0240582056071288,0.247456052046326,1.38258706948243,1.39753889718584,0.885200302975214,0.3757785
rbf,46,0.169271473167912,0.013039694031929,0.136403047617252,0.642413480855568,0.645513033572083,0.967156329731504,0.0013923
rbf_arima,46,0.169271473167912,0.013039694031929,0.136403047617252,0.642413480855568,0.645513033572083,0.967156329731504,0.076889
arima,46,0.486067054375988,0.0374437910265992,0.348008272965245,1.62340096543275,1.59875071525813,0.729182635834299,0.3793199
rbf,47,0.185636383599186,0.0143003519614081,0.17474560657676,0.766108376880515,0.769423250021285,0.429478733284263,0.0014062
rbf_arima,47,0.185636383599186,0.0143003519614081,0.17474560657676,0.766108376880515,0.769423250021285,0.429478733284263,0.074209
arima,47,0.871428359648196,0.0671297943350819,0.643495210304275,2.81180210989909,2.74148088161288,-11.5721344865455,0.3153205
rbf,48,0.00679584120778165,0.000523512251536582,0.00578387870173316,0.0266568653755279,0.026653931236883,0.999894309177118,0.0013231
rbf_arima,48,0.00679584120778165,0.000523512251536582,0.00578387870173316,0.0266568653755279,0.026653931236883,0.999894309177118,0.0807726
arima,48,0.584263570323529,0.0450082819534738,0.450024573910402,2.11573670471836,2.07804610814783,0.218788818645548,0.3294999
rbf,49,0.00847938670685308,0.000653202847275334,0.00724733322092076,0.0374197789976775,0.0374260220110127,0.999908525307637,0.0013665
rbf_arima,49,0.00847938670685308,0.000653202847275334,0.00724733322092076,0.0374197789976775,0.0374260220110127,0.999908525307637,0.0791649
arima,49,0.154654928881215,0.0119137201053383,0.12611228184432,0.687124315340084,0.683507926730289,0.969570164479194,0.371503
rbf,50,0.101158510245403,0.00779266581450104,0.0911762874313198,0.559911894924687,0.56187560503469,0.953807409914229,0.0013752
rbf_arima,50,0.101158510245403,0.00779266581450104,0.0911762874313198,0.559911894924687,0.56187560503469,0.953807409914229,0.0780051
arima,50,0.377187918244883,0.0290563729044564,0.271229673746408,1.68270017895452,1.71094033606402,0.357781205006244,0.3951872
rbf,51,0.02763031122641,0.00212847916814644,0.0265838979209433,0.162599358704484,0.162742072750928,0.992552419614537,0.0014377
rbf_arima,51,0.02763031122641,0.00212847916814644,0.0265838979209433,0.162599358704484,0.162742072750928,0.992552419614537,0.0759942
arima,51,0.592331387778801,0.0456297798890287,0.460573247769737,2.77876027889981,2.8434304905067,-2.42273392200139,0.2333145
rbf,52,0.0228739913162619,0.00176207982639332,0.0181484632960066,0.0989652227429509,0.0988904446889217,0.998695467576634,0.0014062
rbf_arima,52,0.0228739913162619,0.00176207982639332,0.0181484632960066,0.0989652227429509,0.0988904446889217,0.998695467576634,0.0781738
arima,52,0.071212351735034,0.00548578718280441,0.0600615843072017,0.325508560849281,0.326243933132775,0.987356083170834,0.4329415
rbf,53,0.246903778828721,0.0190200372868493,0.215701294186469,1.05882149528365,1.05163812664112,0.742848956818126,0.0013859
rbf_arima,53,0.246903778828721,0.0190200372868493,0.215701294186469,1.05882149528365,1.05163812664112,0.742848956818126,0.0857319
arima,53,0.34485541368953,0.0265656639929227,0.249999391249215,1.21747221017536,1.20372278384531,0.498342957913706,0.2779706
rbf,54,0.222548723332936,0.0171438648529941,0.200648205218155,0.968371905386026,0.962597042609062,-0.330995397195766,0.0013278
rbf_arima,54,0.222548723332936,0.0171438648529941,0.200648205218155,0.968371905386026,0.962597042609062,-0.330995397195766,0.081933
arima,54,0.662881176168512,0.0510645270286523,0.491560765098659,2.38125739724681,2.33055340683763,-10.8085809785296,0.2681932
rbf,55,0.135642237232953,0.0104490924443572,0.133873615781952,0.710408304212691,0.70779178189779,0.971788159992616,0.0014897
rbf_arima,55,0.135642237232953,0.0104490924443572,0.133873615781952,0.710408304212691,0.70779178189779,0.971788159992616,0.0858281
arima,55,0.439000552239725,0.0338180602668675,0.340727896430487,1.85824792730568,1.82934734372016,0.704490357264243,0.2945871
rbf,56,0.0751985865880603,0.00579286363136414,0.0621606019723184,0.401809932133239,0.403034466966911,0.991555703326344,0.0015359
rbf_arima,56,0.0751985865880603,0.00579286363136414,0.0621606019723184,0.401809932133239,0.403034466966911,0.991555703326344,0.0799262
arima,56,0.0388002788416744,0.00298894878729556,0.0331103200525883,0.209903127046811,0.209598489005596,0.997751909342476,0.3084685
rbf,57,0.099674401001596,0.00767833863292089,0.0866989856732844,0.61620369469905,0.618739648321226,0.791880416129332,0.0015758
rbf_arima,57,0.099674401001596,0.00767833863292089,0.0866989856732844,0.61620369469905,0.618739648321226,0.791880416129332,0.0809505
arima,57,0.566028178032113,0.0436035329335584,0.418238630210696,2.98216850648295,3.06644774461119,-5.71153382941031,0.3329775
rbf,58,0.084758588213853,0.00652931079409085,0.0700902460313664,0.471562831344693,0.469974912673489,0.949213723829979,0.0016486
rbf_arima,58,0.084758588213853,0.00652931079409085,0.0700902460313664,0.471562831344693,0.469974912673489,0.949213723829979,0.0820965
arima,58,0.341614009731563,0.0263159650031594,0.265322235690403,1.7787109830528,1.80494771373689,0.175006954730361,0.2259128
rbf,59,0.0363203812489136,0.00279791183798018,0.0350915388303387,0.215403222407169,0.215649900010037,0.994815570438923,0.0013939
rbf_arima,59,0.0363203812489136,0.00279791183798018,0.0350915388303387,0.215403222407169,0.215649900010037,0.994815570438923,0.0848355
arima,59,0.0687585220241318,0.0052967583521468,0.0435176944424217,0.259457270469718,0.258631576398794,0.981419677541057,0.3425054
rbf,60,0.186620362898979,0.0143761520283829,0.16009056999663,0.899818609468951,0.905314160279814,0.514360916021311,0.0012589
rbf_arima,60,0.186620362898979,0.0143761520283829,0.16009056999663,0.899818609468951,0.905314160279814,0.514360916021311,0.0823151
arima,60,0.35080488816242,0.0270239770525621,0.256725837818622,1.43749783063487,1.41862097984656,-0.716037778304376,0.30158
rbf,61,0.165581014494442,0.0127554024673853,0.123595835421275,0.719463170010108,0.714855064749869,0.813365168131682,0.0012589
rbf_arima,61,0.165581014494442,0.0127554024673853,0.123595835421275,0.719463170010108,0.714855064749869,0.813365168131682,0.0793612
arima,61,0.6431642823332,0.0495456517092566,0.492787558196988,2.86609443968133,2.79699917611146,-1.815888524407,0.260604
rbf,62,0.144615754877961,0.0111403602775671,0.139304464830158,0.917416007745341,0.912785509083003,0.9636143475058,0.0012469
rbf_arima,62,0.144615754877961,0.0111403602775671,0.139304464830158,0.917416007745341,0.912785509083003,0.9636143475058,0.0749138
arima,62,0.268523802833724,0.0206855187333807,0.211061976299711,1.4241405373182,1.40747040240428,0.874551772991324,0.3176454
rbf,63,0.315225125385949,0.0242831181727343,0.263879027234251,2.09500582099652,2.1277302275128,0.707515776817721,0.0012735
rbf_arima,63,0.315225125385949,0.0242831181727343,0.263879027234251,2.09500582099652,2.1277302275128,0.707515776817721,0.0786447
arima,63,0.137860556744291,0.0106199789330936,0.0918460935939841,0.740363064072738,0.746724290407928,0.944057631629042,0.3173102
rbf,64,0.0125503648564979,0.000966807428653196,0.00857726799017999,0.0712145746892507,0.0712581658875383,0.995735678925587,0.001417
rbf_arima,64,0.0125503648564979,0.000966807428653196,0.00857726799017999,0.0712145746892507,0.0712581658875383,0.995735678925587,0.0780877
arima,64,0.69111344349538,0.0532393774088153,0.516957446347575,4.21254603269806,4.3759775759841,-11.9311120642274,0.2216931
rbf,65,0.0812405761599678,0.00625830351847155,0.0662162133779941,0.457560843835589,0.456037137636349,0.989949271742274,0.0015467
rbf_arima,65,0.0812405761599678,0.00625830351847155,0.0662162133779941,0.457560843835589,0.456037137636349,0.989949271742274,0.0911813
arima,65,0.264615772492889,0.0203844667075534,0.210142124109071,1.44766476997726,1.46395253955265,0.893369119528155,0.3582167
rbf,66,0.0416663986646555,0.00320973806059175,0.0330046243001195,0.188953499018976,0.188679149226035,0.997425303308272,0.0012548
rbf_arima,66,0.0416663986646555,0.00320973806059175,0.0330046243001195,0.188953499018976,0.188679149226035,0.997425303308272,0.0758564
arima,66,0.442414923398689,0.0340810836481325,0.316967662379801,1.7977690069178,1.76768689389911,0.709722294674091,0.3011375
rbf,67,0.140603853872683,0.010831306657272,0.123636834120865,0.655418667480122,0.652664212910875,0.577538111623114,0.0013048
rbf_arima,67,0.140603853872683,0.010831306657272,0.123636834120865,0.655418667480122,0.652664212910875,0.577538111623114,0.0828213
arima,67,0.769906923720127,0.0593091708277121,0.568728938892151,3.00791242363578,2.92766701310144,-11.6668765271192,0.2790726
rbf,68,0.314890098901941,0.0242573096725641,0.271923645245017,1.53938577016696,1.52332424732734,0.687196982401306,0.0013295
rbf_arima,68,0.314890098901941,0.0242573096725641,0.271923645245017,1.53938577016696,1.52332424732734,0.687196982401306,0.0881535
arima,68,0.499765425735404,0.0384990342280649,0.384897226940465,2.1953445645263,2.15476067813316,0.212074167568327,0.3196977
rbf,69,0.27185556779592,0.020942178611624,0.237479896939023,1.56658422385966,1.55013151116822,0.870386383910925,0.0014912
rbf_arima,69,0.27185556779592,0.020942178611624,0.237479896939023,1.56658422385966,1.55013151116822,0.870386383910925,0.0810572
arima,69,0.140826486505074,0.0108484569859929,0.114430727999977,0.760707481594974,0.756241324190109,0.965218936978622,0.269326
rbf,70,0.0447152843692235,0.00344460655899758,0.0380740990854207,0.28403545960361,0.284309391128614,0.987558247781569,0.0014842
rbf_arima,70,0.0447152843692235,0.00344460655899758,0.0380740990854207,0.28403545960361,0.284309391128614,0.987558247781569,0.0807521
arima,70,0.316883479066656,0.0244108681366736,0.227659431747416,1.73195628833904,1.76196125759596,0.375160107457166,0.3362612
rbf,71,0.150132505853776,0.0115653388249187,0.129447844066921,0.941882595074501,0.94773998745303,0.880375105982394,0.0011924
rbf_arima,71,0.150132505853776,0.0115653388249187,0.129447844066921,0.941882595074501,0.94773998745303,0.880375105982394,0.0797629
arima,71,0.750755663387903,0.0578338686377778,0.577907319030416,4.17215978296204,4.32174490143996,-1.9913644848761,0.2515225
rbf,72,0.183654459793312,0.0141476760288394,0.165528932451868,1.01913229832689,1.02534645319562,0.954248810988021,0.0012694
rbf_arima,72,0.183654459793312,0.0141476760288394,0.165528932451868,1.01913229832689,1.02534645319562,0.954248810988021,0.0771179
arima,72,0.033237507969571,0.00256042513363774,0.0283783008233983,0.176993233714327,0.17719531907528,0.998501501418641,0.3347586
rbf,73,0.3108283327193,0.0239444147277773,0.277840607364715,1.46570018607936,1.47901258456816,0.7782812262995,0.0012035
rbf_arima,73,0.3108283327193,0.0239444147277773,0.277840607364715,1.46570018607936,1.47901258456816,0.7782812262995,0.0808437
arima,73,0.549014691169816,0.0422929124317771,0.398957168155707,2.07681281611927,2.03757300736026,0.308281800980477,0.2658325
rbf,74,0.232947527681407,0.0179449285199207,0.198992772716551,1.01200242808983,1.0191135056747,-4.17187354231047,0.0012682
rbf_arima,74,0.232947527681407,0.0179449285199207,0.198992772716551,1.01200242808983,1.0191135056747,-4.17187354231047,0.0773622
arima,74,0.704687925602094,0.0542850768997027,0.544641240925711,2.7718932086652,2.70899163232255,-46.3287840222421,0.2664715
rbf,75,0.215329037460334,0.0165877020629888,0.201963795226718,1.08685862960739,1.09370799229377,0.757426467420815,0.0012069
rbf_arima,75,0.215329037460334,0.0165877020629888,0.201963795226718,1.08685862960739,1.09370799229377,0.757426467420815,0.0776084
arima,75,0.220025417831652,0.0169494840097839,0.171090141251095,0.930066335328535,0.922875038663513,0.746729899031504,0.3193842
rbf,76,0.131090558424877,0.0100984574680192,0.117267923968557,0.693141968991928,0.690106066506275,0.912444457081261,0.0012084
rbf_arima,76,0.131090558424877,0.0100984574680192,0.117267923968557,0.693141968991928,0.690106066506275,0.912444457081261,0.076446
arima,76,0.040156294658613,0.0030934083930662,0.0237417916695939,0.142601960930742,0.142896323177873,0.991784233587848,0.4102377
rbf,77,0.13985692587403,0.0107737676497592,0.10763143209874,0.669094713339435,0.665341556573916,-0.502397293069398,0.0013333
rbf_arima,77,0.13985692587403,0.0107737676497592,0.10763143209874,0.669094713339435,0.665341556573916,-0.502397293069398,0.0860827
arima,77,0.361005286118773,0.0278097566400229,0.262999134218319,1.63522292161417,1.66086274953193,-9.01022775822347,0.3567383
rbf,78,0.262637590745577,0.0202320790415058,0.216099423604296,1.24424565642036,1.23320555725967,0.78239608982057,0.0012343
rbf_arima,78,0.262637590745577,0.0202320790415058,0.216099423604296,1.24424565642036,1.23320555725967,0.78239608982057,0.124238
arima,78,0.505573904351073,0.0389464857833792,0.392783657985905,2.25247331751104,2.29451434015917,0.193652540282984,0.3244568
rbf,79,0.126667801814444,0.00975775391119173,0.113806500465,0.576429024471456,0.574430871797317,0.971861131444176,0.0011935
rbf_arima,79,0.126667801814444,0.00975775391119173,0.113806500465,0.576429024471456,0.574430871797317,0.971861131444176,0.1319184
arima,79,0.134523709465641,0.0103629275426226,0.088593433104855,0.439075671970013,0.436907457329029,0.968262564462673,0.3924919
rbf,80,0.0788389304213493,0.00607329463883827,0.0671722988804897,0.30900121799362,0.308352596753154,0.961323158436227,0.0012874
rbf_arima,80,0.0788389304213493,0.00607329463883827,0.0671722988804897,0.30900121799362,0.308352596753154,0.961323158436227,0.0994533
arima,80,0.541855888279732,0.0417414397141681,0.396621812418972,1.81558004284782,1.78564260802072,-0.826994114232577,0.3598585
rbf,81,0.308974213568043,0.023801584125676,0.254626418329969,1.2093612758084,1.19850973425472,0.632244819544732,0.0011844
rbf_arima,81,0.308974213568043,0.023801584125676,0.254626418329969,1.2093612758084,1.19850973425472,0.632244819544732,0.1448313
arima,81,0.867583313922213,0.0668335942792352,0.665953608225817,3.17434001752935,3.09001869580335,-1.89959077672564,0.2202216
rbf,82,0.0273651718118841,0.00210805436308911,0.0247826964070877,0.134679366659429,0.134769233619122,0.999262710558289,0.0013947
rbf_arima,82,0.0273651718118841,0.00210805436308911,0.0247826964070877,0.134679366659429,0.134769233619122,0.999262710558289,0.0810223
arima,82,0.369759706724744,0.0284841465061489,0.290320134591846,1.62931186780408,1.60742227011303,0.865388915363138,0.3325923
rbf,83,0.202490688206139,0.0155987099840714,0.178392781014854,1.19365739041093,1.18427312257693,0.931701115263637,0.0013517
rbf_arima,83,0.202490688206139,0.0155987099840714,0.178392781014854,1.19365739041093,1.18427312257693,0.931701115263637,0.0888394
arima,83,0.16790632908964,0.0129345312377675,0.110150142313268,0.754532500819223,0.761360992947628,0.953038967934188,0.406575
rbf,84,0.170512285957654,0.0131352790636319,0.139238521353475,0.982460193381369,0.975345646157483,-1.50608996368857,0.0011966
rbf_arima,84,0.170512285957654,0.0131352790636319,0.139238521353475,0.982460193381369,0.975345646157483,-1.50608996368857,0.1169623
arima,84,0.722405370890768,0.055649926281988,0.561656654763585,3.96268132883715,4.09679977420335,-43.9828777901614,0.2426177
rbf,85,0.388956977899559,0.029962993104945,0.355111440942706,2.32008966143585,2.2888545503007,0.274641077261285,0.0011382
rbf_arima,85,0.388956977899559,0.029962993104945,0.355111440942706,2.32008966143585,2.2888545503007,0.274641077261285,0.0846535
arima,85,0.184820866914863,0.0142375292787523,0.144964107754804,0.937360607675261,0.944437501816383,0.836223408104069,0.3476181
rbf,86,0.115062969285534,0.0088637848174233,0.0908564901875677,0.530611409627243,0.532838734703913,0.938180771419617,0.0011142
rbf_arima,86,0.115062969285534,0.0088637848174233,0.0908564901875677,0.530611409627243,0.532838734703913,0.938180771419617,0.0905872
arima,86,0.177161772328836,0.0136475169861061,0.125685478066958,0.730195050540361,0.725017989546442,0.853447760376028,0.2992277
rbf,87,0.15446475077178,0.0118990698851199,0.143522609674764,0.802526763756041,0.806266951023767,-0.651619428276556,0.0011165
rbf_arima,87,0.15446475077178,0.0118990698851199,0.143522609674764,0.802526763756041,0.806266951023767,-0.651619428276556,0.0902519
arima,87,0.43359587542295,0.0334017152637002,0.318620750789402,1.77889318844249,1.75014680222082,-12.0143203126614,0.3210042
rbf,88,0.142572519379862,0.0109829612472888,0.131151409507832,0.772762407366528,0.769204113671325,0.904122712426503,0.0011044
rbf_arima,88,0.142572519379862,0.0109829612472888,0.131151409507832,0.772762407366528,0.769204113671325,0.904122712426503,0.0860811
arima,88,0.435218654055741,0.0335267247319652,0.337747155738991,2.01182522164938,1.97827994004274,0.106572956665118,0.2159807
rbf,89,0.0615851608616004,0.00474416414953627,0.0593543830289494,0.395396673088157,0.396256683452342,0.990054709096893,0.0010952
rbf_arima,89,0.0615851608616004,0.00474416414953627,0.0593543830289494,0.395396673088157,0.396256683452342,0.990054709096893,0.1258181
arima,89,0.10342303761153,0.00796711188877801,0.0845748284789649,0.573220600936664,0.570723986224274,0.971952128505928,0.2667782
rbf,90,0.0386294814783036,0.00297579154751892,0.0254480668091839,0.192863363574059,0.192445206678763,0.986116515526863,0.0011253
rbf_arima,90,0.0386294814783036,0.00297579154751892,0.0254480668091839,0.192863363574059,0.192445206678763,0.986116515526863,0.1421515
arima,90,0.276551071386552,0.0213038930163125,0.199469891464916,1.51188742402129,1.53446169886062,0.288440187201388,0.3029031
rbf,91,0.0465099704082149,0.00358285877831045,0.0457917918762394,0.338244612897552,0.337659658690612,0.984538561583981,0.0010835
rbf_arima,91,0.0465099704082149,0.00358285877831045,0.0457917918762394,0.338244612897552,0.337659658690612,0.984538561583981,0.1041741
arima,91,0.64294046926395,0.049528410446516,0.494446350273031,3.58062676429765,3.69072173527332,-1.95460408745478,0.2596574
rbf,92,0.0908594289982032,0.00699928423779407,0.0780869331118271,0.489560649993717,0.487999791290389,0.984919174908602,0.0010749
rbf_arima,92,0.0908594289982032,0.00699928423779407,0.0780869331118271,0.489560649993717,0.487999791290389,0.984919174908602,0.127216
arima,92,0.0391919456484484,0.00301912052992421,0.0339380798367924,0.214984607400685,0.215290651356486,0.997194057643188,0.269105
rbf,93,0.230496405980008,0.017756108298633,0.198722879140283,1.08885128657898,1.08109339173805,0.835799204936349,0.0011197
rbf_arima,93,0.230496405980008,0.017756108298633,0.198722879140283,1.08885128657898,1.08109339173805,0.835799204936349,0.1196018
arima,93,0.449725861540574,0.0346442759845161,0.32659480735016,1.77250279731294,1.74373871115359,0.374909837032267,0.2876602
rbf,94,0.156280798896717,0.0120389677158249,0.134843911773313,0.722298366237975,0.718778779991216,0.330535720660345,0.0011188
rbf_arima,94,0.156280798896717,0.0120389677158249,0.134843911773313,0.722298366237975,0.718778779991216,0.330535720660345,0.0995176
arima,94,0.743188531758723,0.0572509406387643,0.552370862669297,2.96741799052756,2.88944294040569,-14.1395916977168,0.2873003
rbf,95,0.103070539322916,0.00793995746196121,0.0999125546939426,0.596454687518451,0.594530009638066,0.983597466588982,0.0012559
rbf_arima,95,0.103070539322916,0.00793995746196121,0.0999125546939426,0.596454687518451,0.594530009638066,0.983597466588982,0.0878208
arima,95,0.440940409667968,0.0339674956493123,0.342161650168331,2.09761189497202,2.06074227953927,0.699806256574413,0.3430056
rbf,96,0.0726673758511411,0.00559787381458019,0.0602723100410228,0.446647523041772,0.448178242611074,0.992059947164905,0.001082
rbf_arima,96,0.0726673758511411,0.00559787381458019,0.0602723100410228,0.446647523041772,0.448178242611074,0.992059947164905,0.1621513
arima,96,0.0598034688183487,0.00460691291240621,0.0521861601297375,0.383539318173568,0.382560274859285,0.994622292354982,0.3860335
rbf,97,0.0575205635757687,0.00443105111295462,0.0516401677024856,0.424374359286668,0.425496122039364,0.926076378775864,0.0010609
rbf_arima,97,0.0575205635757687,0.00443105111295462,0.0516401677024856,0.424374359286668,0.425496122039364,0.926076378775864,0.1467238
arima,97,0.576846025512172,0.0444368772566395,0.420258211933055,3.48656885354932,3.60561114427797,-6.43458579163727,0.3141904
rbf,98,0.0246407953525651,0.00189818417768539,0.021561147221007,0.166845535020523,0.166660574050801,0.999132390807005,0.0011178
rbf_arima,98,0.0246407953525651,0.00189818417768539,0.021561147221007,0.166845535020523,0.166660574050801,0.999132390807005,0.1275578
arima,98,0.732407137489986,0.0564204044599808,0.569426126915492,4.05395034574121,4.18975684116503,0.233486448497011,0.2279217
rbf,99,0.0808488098369247,0.00622812410968583,0.070344369041153,0.400709665819563,0.401728271875259,0.994807419916856,0.0011055
rbf_arima,99,0.0808488098369247,0.00622812410968583,0.070344369041153,0.400709665819563,0.401728271875259,0.994807419916856,0.0930754
arima,99,0.391227412314335,0.0301378942240418,0.272059445906978,1.50862699200955,1.48630673661652,0.878410941614645,0.3236703
rbf,100,0.0197015965807656,0.00151769690749275,0.0181060916892848,0.0903775898913545,0.0903857345795634,0.998905957543546,0.0011124
rbf_arima,100,0.0197015965807656,0.00151769690749275,0.0181060916892848,0.0903775898913545,0.0903857345795634,0.998905957543546,0.1276281
arima,100,0.890461221118509,0.0685959757623493,0.65206267071497,3.16390837070146,3.07474195281563,-1.234916768493,0.3195143
rbf,101,0.0927744896695096,0.00714680942168401,0.0717839642819114,0.35700239983881,0.355925081128418,0.936932592268188,0.0010394
rbf_arima,101,0.0927744896695096,0.00714680942168401,0.0717839642819114,0.35700239983881,0.355925081128418,0.936932592268188,0.1256603
arima,101,0.700342834948869,0.0539503562784504,0.545736852341721,2.71351241217541,2.65364521865126,-2.59392667368014,0.2517026
rbf,102,0.0509605246280663,0.00392570370198997,0.0454073318219365,0.247502723532755,0.247525351940969,0.995136566957967,0.0010777
rbf_arima,102,0.0509605246280663,0.00392570370198997,0.0454073318219365,0.247502723532755,0.247525351940969,0.995136566957967,0.17835
arima,102,0.23455937196586,0.0180690956693112,0.184930130254224,1.03787632548315,1.02909446598659,0.896965957229325,0.3192011
rbf,103,0.102179523054102,0.00787131872853873,0.0988644337701928,0.622749474089189,0.624859954154503,0.966920057519627,0.001078
rbf_arima,103,0.102179523054102,0.00787131872853873,0.0988644337701928,0.622749474089189,0.624859954154503,0.966920057519627,0.150382
arima,103,0.155674318847248,0.011992248004975,0.106190359550001,0.685099635778264,0.690270935775119,0.923215961270442,0.3315383
rbf,104,0.0702392188575897,0.00541082266139508,0.0536687755835858,0.353682485153476,0.352621828315052,0.153406808916377,0.0010345
rbf_arima,104,0.0702392188575897,0.00541082266139508,0.0536687755835858,0.353682485153476,0.352621828315052,0.153406808916377,0.1545335
arima,104,0.53336795606319,0.0410875785703139,0.414881162635206,2.73644376231057,2.79971260367257,-47.8167953238696,0.2858766
rbf,105,0.189731413818272,0.0146158093749288,0.173527994376607,1.08709824620043,1.08017917545966,0.655015147207219,0.0010264
rbf_arima,105,0.189731413818272,0.0146158093749288,0.173527994376607,1.08709824620043,1.08017917545966,0.655015147207219,0.0926138
arima,105,0.160179170014672,0.0123392756510587,0.125856356515443,0.782931211409891,0.78787083165899,0.754114103600608,0.2172219
rbf,106,0.0775305329295609,0.00597250327307671,0.0754192077056446,0.441828797954905,0.440804202844517,0.943899118766268,0.0010274
rbf_arima,106,0.0775305329295609,0.00597250327307671,0.0754192077056446,0.441828797954905,0.440804202844517,0.943899118766268,0.0897001
arima,106,0.100091680542952,0.00771048343229692,0.0702086849844377,0.40544026169348,0.403794352021504,0.906498170834175,0.3104428
rbf,107,0.0495566673813268,0.00381755866951997,0.0384954782818674,0.216507037777472,0.216120626012334,0.651338283939335,0.0010611
rbf_arima,107,0.0495566673813268,0.00381755866951997,0.0384954782818674,0.216507037777472,0.216120626012334,0.651338283939335,0.1031481
arima,107,0.316935755731976,0.0244148952282326,0.230080329946512,1.29355137102213,1.27788877947038,-13.2607561211366,0.3664451
rbf,108,0.366541418006608,0.0282362281806005,0.323772521866327,1.95174391563099,1.9271328514444,0.554796206691112,0.0011911
rbf_arima,108,0.366541418006608,0.0282362281806005,0.323772521866327,1.95174391563099,1.9271328514444,0.554796206691112,0.1022849
arima,108,0.490572844390582,0.037790890996032,0.377805074752205,2.29936197777317,2.25484677224361,0.202520086327162,0.3169639
rbf,109,0.146533160901705,0.0112880661338267,0.13079248936359,0.924502451923716,0.919004246925873,0.960444596385518,0.0011735
rbf_arima,109,0.146533160901705,0.0112880661338267,0.13079248936359,0.924502451923716,0.919004246925873,0.960444596385518,0.0783213
arima,109,0.145077590836484,0.0111759374452928,0.117569751640666,0.839943235712803,0.83446517906197,0.961226531348325,0.3144305
rbf,110,0.0393374696132892,0.00303033085343782,0.0359316592224687,0.286663608241892,0.287092049901724,0.989885551295637,0.001056
rbf_arima,110,0.0393374696132892,0.00303033085343782,0.0359316592224687,0.286663608241892,0.287092049901724,0.989885551295637,0.0905091
arima,110,0.304319839876536,0.0234430381302306,0.218394968870419,1.79755669145248,1.82999540375819,0.394673190684113,0.4097174
rbf,111,0.037128542581828,0.00286016790695872,0.0307639327840386,0.251618671487797,0.251152333141952,0.992886979609984,0.0010552
rbf_arima,111,0.037128542581828,0.00286016790695872,0.0307639327840386,0.251618671487797,0.251152333141952,0.992886979609984,0.0771693
arima,111,0.758405235488298,0.0584231473732761,0.583380917364364,4.53214116797583,4.70917228406154,-1.96784280477342,0.2567482
rbf,112,0.0389722062998797,0.00300219308303381,0.0258736591080737,0.164779520929592,0.165055014790567,0.997997024840835,0.0011072
rbf_arima,112,0.0389722062998797,0.00300219308303381,0.0258736591080737,0.164779520929592,0.165055014790567,0.997997024840835,0.130661
arima,112,0.0302742821074484,0.00233215537343279,0.0247868143067737,0.162692598282752,0.162726008397963,0.99879131457651,0.2913341
rbf,113,0.223903100205145,0.017248198203954,0.199664127284799,1.10627896867263,1.11385970191299,0.888147000605329,0.0010691
rbf_arima,113,0.223903100205145,0.017248198203954,0.199664127284799,1.10627896867263,1.11385970191299,0.888147000605329,0.1243355
arima,113,0.569310542506431,0.0438563872842966,0.413664292313015,2.25964693993771,2.21332685361037,0.276854192230955,0.4574468
rbf,114,0.198167062327637,0.0152656428847601,0.159357487510076,0.847922966646103,0.853552729618484,-5.09457923663269,0.0011671
rbf_arima,114,0.198167062327637,0.0152656428847601,0.159357487510076,0.847922966646103,0.853552729618484,-5.09457923663269,0.0776834
arima,114,0.688297319446644,0.0530224395204385,0.532122043190151,2.83115162804017,2.76566356545314,-72.5246458803,0.4334957
rbf,115,0.589040944712352,0.0453763032103363,0.520022735727988,2.90076196597292,2.95667160594731,-2.10717701379687,0.0010507
rbf_arima,115,0.589040944712352,0.0453763032103363,0.520022735727988,2.90076196597292,2.95667160594731,-2.10717701379687,0.077609
arima,115,0.170944016262797,0.0131685370661648,0.132870125679557,0.744876227295846,0.74026545519164,0.738312586864273,0.3875098
rbf,116,0.199536143167368,0.0153711089442264,0.194603107010433,1.15829851584616,1.16545108629836,0.652767171459112,0.0010724
rbf_arima,116,0.199536143167368,0.0153711089442264,0.194603107010433,1.15829851584616,1.16545108629836,0.652767171459112,0.077312
arima,116,0.0458325065127073,0.00353067088303329,0.0290236339171817,0.175694814047815,0.176084011801103,0.981680026178044,0.3360418
rbf,117,0.127054016764304,0.00978750567433574,0.120502860884052,0.749182839232231,0.74607094054517,-1.10128948593621,0.0013514
rbf_arima,117,0.127054016764304,0.00978750567433574,0.120502860884052,0.749182839232231,0.74607094054517,-1.10128948593621,0.0780227
arima,117,0.28080655777349,0.0216317110437935,0.205535576322865,1.27938923970806,1.29487980736679,-9.26416393451932,0.322706
rbf,118,0.325453665759369,0.0250710656890316,0.279265970506525,1.65485832742682,1.67339087503122,0.223225185325,0.0012771
rbf_arima,118,0.325453665759369,0.0250710656890316,0.279265970506525,1.65485832742682,1.67339087503122,0.223225185325,0.0744193
arima,118,0.334073896041541,0.0257351183097162,0.259494670218957,1.53050274780633,1.54992178503756,0.181531659958465,0.2299641
rbf,119,0.0934341073717787,0.00719762254958241,0.0906423191032644,0.49403203030937,0.495319999969226,0.964408284421818,0.0011378
rbf_arima,119,0.0934341073717787,0.00719762254958241,0.0906423191032644,0.49403203030937,0.495319999969226,0.964408284421818,0.1300951
arima,119,0.0571375863349333,0.0044015487641641,0.0351429001520356,0.187004896656283,0.186549335474216,0.98668988458198,0.3748541
rbf,120,0.0755096767743013,0.00581682821777081,0.0524566765021336,0.264939392982002,0.265605130690852,0.917521898850891,0.0012518
rbf_arima,120,0.0755096767743013,0.00581682821777081,0.0524566765021336,0.264939392982002,0.265605130690852,0.917521898850891,0.0867148
arima,120,0.347001063812449,0.026730952452808,0.253990944024082,1.27997963428965,1.26498275114123,-0.741786995981572,0.3649645
rbf,121,0.484773286581371,0.0373441266479863,0.409326783946747,2.12535707071777,2.15821355784508,-0.625750024822117,0.0010808
rbf_arima,121,0.484773286581371,0.0373441266479863,0.409326783946747,2.12535707071777,2.15821355784508,-0.625750024822117,0.0789035
arima,121,0.640675543782296,0.0493539337037244,0.490779626435201,2.55845782787416,2.50330612238529,-1.83957080026592,0.3324147
rbf,122,0.647930307717174,0.0499127987045083,0.55735361926125,3.28513344866785,3.36238427406696,0.257732701773481,0.0025368
rbf_arima,122,0.647930307717174,0.0499127987045083,0.55735361926125,3.28513344866785,3.36238427406696,0.257732701773481,0.0797195
arima,122,0.249418746737696,0.0192137758502316,0.196436634908864,1.16698434951317,1.15584873493127,0.890007791381553,0.4423643
rbf,123,0.257574513780934,0.0198420489127223,0.19770791615834,1.35998945336528,1.3441952537929,0.801540744577987,0.0013943
rbf_arima,123,0.257574513780934,0.0198420489127223,0.19770791615834,1.35998945336528,1.3441952537929,0.801540744577987,0.0810501
arima,123,0.151525784040584,0.0116726689078755,0.102572050864361,0.710130265543196,0.715782436199349,0.931318675789956,0.413461
rbf,124,0.0901649756435949,0.00694578757297474,0.0836215828243472,0.591347181848004,0.589768210661006,0.870227634070646,0.0011472
rbf_arima,124,0.0901649756435949,0.00694578757297474,0.0836215828243472,0.591347181848004,0.589768210661006,0.870227634070646,0.0894718
arima,124,0.763927262458266,0.0588485323526638,0.562510585838405,3.90453200640503,4.04889943030716,-8.31559290054556,0.2560147
rbf,125,0.33449479048723,0.0257675415803878,0.316760097084101,1.88319461498879,1.90258034048134,0.897398502201732,0.001104
rbf_arima,125,0.33449479048723,0.0257675415803878,0.316760097084101,1.88319461498879,1.90258034048134,0.897398502201732,0.1380543
arima,125,0.325034450071825,0.0250387717401655,0.258958607763777,1.49859835873866,1.51590317269022,0.90312007994151,0.361019
rbf,126,0.114596064447794,0.00882781717259682,0.109465932514407,0.530396552189402,0.528897137849764,0.988272188047793,0.0011806
rbf_arima,126,0.114596064447794,0.00882781717259682,0.109465932514407,0.530396552189402,0.528897137849764,0.988272188047793,0.0795862
arima,126,0.601193935064638,0.0463124992084039,0.431081361736348,2.02370019274173,1.98580333301537,0.677219887098374,0.4393116
rbf,127,0.102123491773568,0.00786700240316677,0.09460332623541,0.413311594168774,0.412322718976259,0.865252590234953,0.0011552
rbf_arima,127,0.102123491773568,0.00786700240316677,0.09460332623541,0.413311594168774,0.412322718976259,0.865252590234953,0.0799599
arima,127,1.00616622680897,0.0775092193463381,0.742767239282916,3.23699722165296,3.14416272719316,-12.0800253439773,0.2853122
rbf,128,0.0367315110453407,0.00282958289662041,0.036057711512878,0.167181834852741,0.167328493592237,0.997699904521719,0.0012432
rbf_arima,128,0.0367315110453407,0.00282958289662041,0.036057711512878,0.167181834852741,0.167328493592237,0.997699904521719,0.0999491
arima,128,0.672015722379642,0.0517681995700704,0.51772980791971,2.45694918079943,2.40614527553102,0.230112722590301,0.3292947
rbf,129,0.0389388283597045,0.0029996218398163,0.0327499286859833,0.184311953042347,0.184066057742421,0.998563004942835,0.0011054
rbf_arima,129,0.0389388283597045,0.0029996218398163,0.0327499286859833,0.184311953042347,0.184066057742421,0.998563004942835,0.0788754
arima,129,0.236548986311521,0.0182223640365288,0.190411235790631,1.07794526368565,1.0687907051093,0.94696877035286,0.2787404
rbf,130,0.0769633608457814,0.0059288116202688,0.071794162616973,0.467404455281846,0.468677095188662,0.980081668583315,0.0011261
rbf_arima,130,0.0769633608457814,0.0059288116202688,0.071794162616973,0.467404455281846,0.468677095188662,0.980081668583315,0.0787181
arima,130,0.400601990474479,0.030860057436773,0.28629988692637,1.89588344884384,1.93236962946033,0.460351329596652,0.3455693
rbf,131,0.0385848262135861,0.00297235156452632,0.038011728751297,0.247974260014565,0.247657172653117,0.990105306835084,0.0010679
rbf_arima,131,0.0385848262135861,0.00297235156452632,0.038011728751297,0.247974260014565,0.247657172653117,0.990105306835084,0.0733374
arima,131,0.712387943387298,0.0548782416786249,0.553311719001007,3.53196328989102,3.63702670184249,-2.37289138189952,0.3185203
rbf,132,0.155032891453605,0.0119428361531121,0.138578879424012,0.777126197136738,0.780838644385729,0.959173302010488,0.0012213
rbf_arima,132,0.155032891453605,0.0119428361531121,0.138578879424012,0.777126197136738,0.780838644385729,0.959173302010488,0.0776811
arima,132,0.0537462633321051,0.00414030087937457,0.0468109494408003,0.262578775139803,0.263028659724997,0.995093259237333,0.4360245
rbf,133,0.0831026721374764,0.00640174860907292,0.0717692510613786,0.353815436329044,0.354643889064436,0.980153296462667,0.001386
rbf_arima,133,0.0831026721374764,0.00640174860907292,0.0717692510613786,0.353815436329044,0.354643889064436,0.980153296462667,0.0766643
arima,133,0.450297608619241,0.0346883200684361,0.326941044864805,1.59783948759065,1.57438700873647,0.417283002513294,0.2746788
rbf,134,0.280744762877121,0.021626950722835,0.247758114274446,1.19415567149784,1.20345083052988,-1.166742832702,0.0012914
rbf_arima,134,0.280744762877121,0.021626950722835,0.247758114274446,1.19415567149784,1.20345083052988,-1.166742832702,0.074423
arima,134,0.759164088265759,0.0584816049966913,0.56527915519583,2.73473323568551,2.66864349655847,-14.8436541421922,0.4677807
rbf,135,0.187388634485654,0.014435335222315,0.176549429434012,0.942803493256641,0.947954181943737,0.945783893346943,0.0012227
rbf_arima,135,0.187388634485654,0.014435335222315,0.176549429434012,0.942803493256641,0.947954181943737,0.945783893346943,0.0789603
arima,135,0.494908260298484,0.0381248663309315,0.386620045928268,2.10358599815306,2.067098206495,0.621826372844567,0.256706
rbf,136,0.00608233220396435,0.000468547649854555,0.00560438027547304,0.0351411320767736,0.0351436413755429,0.999944373118828,0.0011761
rbf_arima,136,0.00608233220396435,0.000468547649854555,0.00560438027547304,0.0351411320767736,0.0351436413755429,0.999944373118828,0.0785691
arima,136,0.0302439105627269,0.00232981572551083,0.025972334002372,0.163784964930008,0.163621779887193,0.99862462752747,0.2876363
rbf,137,0.0211044071306444,0.00162576130849809,0.0174272995786731,0.123196168493444,0.123271717284384,0.990613352419998,0.0012434
rbf_arima,137,0.0211044071306444,0.00162576130849809,0.0174272995786731,0.123196168493444,0.123271717284384,0.990613352419998,0.082677
arima,137,0.542262203162466,0.0417727398597408,0.402274863572289,2.8584351064537,2.93513738488846,-5.1970195806787,0.2734697
rbf,138,0.176916476999298,0.013628620854438,0.148908717468137,1.00050324222804,0.993588912724843,0.770462648702731,0.0012757
rbf_arima,138,0.176916476999298,0.013628620854438,0.148908717468137,1.00050324222804,0.993588912724843,0.770462648702731,0.1003826
arima,138,0.333942464831024,0.0257249936103837,0.259394503465149,1.7353409613092,1.76030596467976,0.182175536211322,0.2800334
rbf,139,0.0494301175073232,0.0038078100000844,0.0433244066523863,0.265009186441023,0.264881054112631,0.990038578286761,0.0011529
rbf_arima,139,0.0494301175073232,0.0038078100000844,0.0433244066523863,0.265009186441023,0.264881054112631,0.990038578286761,0.10662
arima,139,0.0695411257593618,0.00535704561180526,0.0442391830193707,0.263848451571549,0.263003224010143,0.980283879023252,0.3161784
rbf,140,0.0306844483878311,0.00236375220837674,0.024694379585037,0.139820079837277,0.139889914862752,0.986380220636264,0.0012084
rbf_arima,140,0.0306844483878311,0.00236375220837674,0.024694379585037,0.139820079837277,0.139889914862752,0.986380220636264,0.0943629
arima,140,0.342992472438319,0.0264221537873303,0.251011740629874,1.40726127554474,1.38916286321425,-0.701776840291482,0.3213967
rbf,141,0.191078168426955,0.0147195555508476,0.163450416390294,0.928249577804097,0.934238973681812,-0.0524990549897115,0.0012772
rbf_arima,141,0.191078168426955,0.0147195555508476,0.163450416390294,0.928249577804097,0.934238973681812,-0.0524990549897115,0.0787942
arima,141,0.345335252740165,0.0266026280146078,0.268192740033152,1.52638292606257,1.50720390583498,-2.43780630875266,0.2648134
rbf,142,0.252209980364225,0.0194287963246234,0.234796351536452,1.41816124222619,1.43001365791291,0.531346958551738,0.0012589
rbf_arima,142,0.252209980364225,0.0194287963246234,0.234796351536452,1.41816124222619,1.43001365791291,0.531346958551738,0.0773214
arima,142,0.0970070272672895,0.00747285960734605,0.0771090743336213,0.469512405577238,0.467753489377156,0.930668069134607,0.3437964
rbf,143,0.196343478597014,0.0151251645546321,0.170347162841586,1.10909726440037,1.10089576294891,0.519468670048121,0.0013571
rbf_arima,143,0.196343478597014,0.0151251645546321,0.170347162841586,1.10909726440037,1.10089576294891,0.519468670048121,0.0773068
arima,143,0.110111581116997,0.0084823585466955,0.0777620736510347,0.509622436435913,0.512265447981133,0.848868586657516,0.302428
rbf,144,0.249150098450412,0.019193080741937,0.230272755780203,1.50621313701504,1.49314259952378,0.0229393475515406,0.0011654
rbf_arima,144,0.249150098450412,0.019193080741937,0.230272755780203,1.50621313701504,1.49314259952378,0.0229393475515406,0.073599
arima,144,0.543573593930311,0.0418737618101555,0.381766033022055,2.46836408635196,2.53103083154379,-3.65067616708379,0.2468566
rbf,145,0.272386826537247,0.0209831037085056,0.247702489451333,1.38067476773955,1.39186256143989,0.92973209797605,0.001167
rbf_arima,145,0.272386826537247,0.0209831037085056,0.247702489451333,1.38067476773955,1.39186256143989,0.92973209797605,0.0736629
arima,145,0.430328026603987,0.0331499791149895,0.340580355987102,1.86296562246024,1.89018986834774,0.82461839060252,0.263651
rbf,146,0.0553135862798519,0.00426103836281082,0.0538214315856819,0.250664165009325,0.25099247154189,0.997178038885975,0.0011745
rbf_arima,146,0.0553135862798519,0.00426103836281082,0.0538214315856819,0.250664165009325,0.25099247154189,0.997178038885975,0.0751769
arima,146,0.540375248720767,0.041627379817015,0.386904471922646,1.74068174278957,1.71243025744335,0.730673995837836,0.3213236
rbf,147,0.136502082474459,0.0105153299423491,0.0953999242065348,0.40042054241667,0.402069888775158,0.745199224140057,0.0014641
rbf_arima,147,0.136502082474459,0.0105153299423491,0.0953999242065348,0.40042054241667,0.402069888775158,0.745199224140057,0.0776478
arima,147,0.981095445802122,0.0755779115639185,0.725720843324571,3.04681126263547,2.96467419325149,-12.1626917687582,0.2412047
rbf,148,0.0951667281768487,0.00733109362269735,0.0909677312736063,0.406255978316831,0.407148464659963,0.99158034466421,0.0013657
rbf_arima,148,0.0951667281768487,0.00733109362269735,0.0909677312736063,0.406255978316831,0.407148464659963,0.99158034466421,0.080213
arima,148,0.995112496213864,0.0766577039540866,0.77207316511943,3.62872856648176,3.51978352669815,0.0794054563055553,0.216951
rbf,149,0.146592861021909,0.0112926650853603,0.135002264073509,0.792370513064911,0.788503884612745,0.988893661185395,0.0012703
rbf_arima,149,0.146592861021909,0.0112926650853603,0.135002264073509,0.792370513064911,0.788503884612745,0.988893661185395,0.0871267
arima,149,0.383097787268862,0.0295116349896691,0.306021690304746,1.8412868841766,1.81398688216259,0.924148431936049,0.2865928
rbf,150,0.0388596405060634,0.00299352166615324,0.0351085403803243,0.255934646897774,0.256337316580279,0.997230902648015,0.001304
rbf_arima,150,0.0388596405060634,0.00299352166615324,0.0351085403803243,0.255934646897774,0.256337316580279,0.997230902648015,0.0750241
arima,150,0.448131374925849,0.0345214459694823,0.314736734566135,2.38995142726686,2.45082153979472,0.631742695950452,0.3456457
rbf,151,0.073100907989429,0.00563127061990411,0.065772234419362,0.490215792245496,0.491703786815479,0.963032340784352,0.001289
rbf_arima,151,0.073100907989429,0.00563127061990411,0.065772234419362,0.490215792245496,0.491703786815479,0.963032340784352,0.1102126
arima,151,0.743013638992933,0.057237467912902,0.582090376034027,4.26102079699203,4.41192553078001,-2.81917871273622,0.4636947
rbf,152,0.0735661175496271,0.0056671076703662,0.0721153651051978,0.467815068410635,0.466680061965081,0.990431157400028,0.0013407
rbf_arima,152,0.0735661175496271,0.0056671076703662,0.0721153651051978,0.467815068410635,0.466680061965081,0.990431157400028,0.1104829
arima,152,0.0397691875966202,0.00306358790676974,0.0344290445206874,0.219483710894361,0.219802811099267,0.997203613634441,0.3904873
rbf,153,0.062105200266001,0.00478422497367291,0.0511310008005533,0.282415338205162,0.281845361605333,0.988462239666929,0.0012632
rbf_arima,153,0.062105200266001,0.00478422497367291,0.0511310008005533,0.282415338205162,0.281845361605333,0.988462239666929,0.1303653
arima,153,0.45018668252261,0.0346797749643311,0.326967549855619,1.78005790253413,1.75106610691218,0.393751234490208,0.2787812
rbf,154,0.0940046255249754,0.00724157196420094,0.0936060633208297,0.500863490234952,0.499599554627327,0.813626956012652,0.0012405
rbf_arima,154,0.0940046255249754,0.00724157196420094,0.0936060633208297,0.500863490234952,0.499599554627327,0.813626956012652,0.0791949
arima,154,0.784090157851826,0.060401765049286,0.579320135934443,3.12853992850714,3.04089679077649,-11.9663176282441,0.3172493
rbf,155,0.0322450278276087,0.00248397021101107,0.0287674010094575,0.177562303128001,0.177358832197666,0.998753720807459,0.0012418
rbf_arima,155,0.0322450278276087,0.00248397021101107,0.0287674010094575,0.177562303128001,0.177358832197666,0.998753720807459,0.1677385
arima,155,0.513211905818263,0.0395348731843017,0.398030110876149,2.50291770349014,2.45032719552608,0.68429367863521,0.2785496
rbf,156,0.0615967387178442,0.00474505604053326,0.0595306423559835,0.453543769124311,0.454659288122544,0.995570977635475,0.0013823
rbf_arima,156,0.0615967387178442,0.00474505604053326,0.0595306423559835,0.453543769124311,0.454659288122544,0.995570977635475,0.1108388
arima,156,0.0956894073111856,0.00737135779634145,0.0821863967758217,0.64469900438764,0.641819717661533,0.989311416236854,0.3374192
rbf,157,0.0293104122607044,0.00225790442226587,0.029073431396634,0.259752431590235,0.259409931257861,0.985681968335425,0.0013269
rbf_arima,157,0.0293104122607044,0.00225790442226587,0.029073431396634,0.259752431590235,0.259409931257861,0.985681968335425,0.096837
arima,157,0.608945208112444,0.0469096123959347,0.447411873029579,4.05128719522615,4.21055965478658,-5.18010564516104,0.3763135
rbf,158,0.0161534331822127,0.00124436694688844,0.0137231523922872,0.114966026209064,0.114879272277953,0.999163348988676,0.0012954
rbf_arima,158,0.0161534331822127,0.00124436694688844,0.0137231523922872,0.114966026209064,0.114879272277953,0.999163348988676,0.1084082
arima,158,0.497788645560322,0.0383467545310253,0.386808889918431,3.12717290654359,3.20815020758548,0.205480366400571,0.2246772
rbf,159,0.0196857725523927,0.00151647791598477,0.0159714502499854,0.114566858241985,0.114668372788259,0.999309218295324,0.0012522
rbf_arima,159,0.0196857725523927,0.00151647791598477,0.0159714502499854,0.114566858241985,0.114668372788259,0.999309218295324,0.1384682
arima,159,0.191510046336362,0.0147528249239583,0.130801610802807,0.869184796676685,0.861388561517295,0.934623897857829,0.3066278
rbf,160,0.0683218836786647,0.00526312226261002,0.0661801037250655,0.400809961934485,0.401660813039812,0.970477647939457,0.001159
rbf_arima,160,0.0683218836786647,0.00526312226261002,0.0661801037250655,0.400809961934485,0.401660813039812,0.970477647939457,0.1131302
arima,160,0.564698335219526,0.0435010895444736,0.413488253411132,2.46927094749673,2.41443827624406,-1.01680684443311,0.3095842
rbf,161,0.0488678770114252,0.00376449824824776,0.0459028710102628,0.275820288956647,0.276253486619668,0.925096643093158,0.0013897
rbf_arima,161,0.0488678770114252,0.00376449824824776,0.0459028710102628,0.275820288956647,0.276253486619668,0.925096643093158,0.0897687
arima,161,0.361963566773969,0.0278835770322402,0.284676958212815,1.72002317645552,1.69630584829993,-3.10945335682481,0.2273486
rbf,162,0.0128696377447348,0.000991402363035136,0.0125489041966464,0.0795912018995694,0.0795580576799298,0.998672256113455,0.0013755
rbf_arima,162,0.0128696377447348,0.000991402363035136,0.0125489041966464,0.0795912018995694,0.0795580576799298,0.998672256113455,0.0868659
arima,162,0.10042814635837,0.00773640281022365,0.0795842584101697,0.515301781443885,0.513170334502815,0.919147666442619,0.3046175
rbf,163,0.0255910524203389,0.00197138647919285,0.0233578230348755,0.160464627996183,0.160619815639074,0.991117815272951,0.0013662
rbf_arima,163,0.0255910524203389,0.00197138647919285,0.0233578230348755,0.160464627996183,0.160619815639074,0.991117815272951,0.098261
arima,163,0.110351888562186,0.00850087044063851,0.0781968012577873,0.54564612017406,0.548657345417226,0.834840694310707,0.3150073
rbf,164,0.096028150255142,0.0073974525910638,0.091839862554494,0.644240316113044,0.641985359774263,0.64877611730077,0.0013932
rbf_arima,164,0.096028150255142,0.0073974525910638,0.091839862554494,0.644240316113044,0.641985359774263,0.64877611730077,0.0958499
arima,164,0.42283710091007,0.0325729215799157,0.305331356598829,2.12338958364677,2.16721695961836,-5.80978006850672,0.2272843
rbf,165,0.0395617214781643,0.00304760591845224,0.0344854644045084,0.214651221706044,0.214353564215908,0.996495989504564,0.0012141
rbf_arima,165,0.0395617214781643,0.00304760591845224,0.0344854644045084,0.214651221706044,0.214353564215908,0.996495989504564,0.0846711
arima,165,0.250730609209429,0.0193148341379821,0.197486906675229,1.21659736926238,1.22836674692054,0.85925604595229,0.3430634
rbf,166,0.0495783939339565,0.00381923235731483,0.0387888559672272,0.207399546924012,0.207054608372814,0.994640768127735,0.0012955
rbf_arima,166,0.0495783939339565,0.00381923235731483,0.0387888559672272,0.207399546924012,0.207054608372814,0.994640768127735,0.0879233
arima,166,0.301998775249048,0.0232642367527489,0.21537306856037,1.14605057055361,1.13355152368528,0.80114889752629,0.3043415
rbf,167,0.0167628184055141,0.00129131045550638,0.0147074482989484,0.0745057094422993,0.0745258203142777,0.990855853458193,0.001208
rbf_arima,167,0.0167628184055141,0.00129131045550638,0.0147074482989484,0.0745057094422993,0.0745258203142777,0.990855853458193,0.0814186
arima,167,0.647878081057237,0.0499087754650743,0.475261108842343,2.39824305218789,2.34615250921716,-12.6595273235654,0.2776201
rbf,168,0.235854078200812,0.0181688323399329,0.203001884295221,1.11754421589457,1.10895732870423,0.898013288195693,0.0013014
rbf_arima,168,0.235854078200812,0.0181688323399329,0.203001884295221,1.11754421589457,1.10895732870423,0.898013288195693,0.0896216
arima,168,0.705136125583309,0.0543196036307034,0.547128227075415,3.03832556694512,2.96189246440041,0.0884033099714094,0.2568352
rbf,169,0.166072768464136,0.0127932843454347,0.145005360292431,0.975101769782001,0.981640173068981,0.97188909029992,0.0013455
rbf_arima,169,0.166072768464136,0.0127932843454347,0.145005360292431,0.975101769782001,0.981640173068981,0.97188909029992,0.1180327
arima,169,0.235503841341305,0.0181418521205185,0.189189872595833,1.28651406176437,1.2733836792887,0.943470643744568,0.3043802
rbf,170,0.185091388399526,0.0142583686873252,0.15690686616591,1.2685711350789,1.25723972297024,0.876107257581286,0.0013624
rbf_arima,170,0.185091388399526,0.0142583686873252,0.15690686616591,1.2685711350789,1.25723972297024,0.876107257581286,0.1064533
arima,170,0.370149200517423,0.0285141508523558,0.263683701711687,2.15435941894738,2.20205319384188,0.504518924706375,0.2809638
rbf,171,0.058405340422852,0.00449920919745984,0.0562203065907144,0.443840503201241,0.442798677128846,0.982023606590894,0.0012011
rbf_arima,171,0.058405340422852,0.00449920919745984,0.0562203065907144,0.443840503201241,0.442798677128846,0.982023606590894,0.0815463
arima,171,0.780223774793051,0.0601039212888867,0.603869657242037,4.67901569258796,4.86560494367257,-2.20801067302139,0.2683275
rbf,172,0.116561332810731,0.00897921006629427,0.0927244441356776,0.596288953923926,0.593599933350301,0.981700729279747,0.0010724
rbf_arima,172,0.116561332810731,0.00897921006629427,0.0927244441356776,0.596288953923926,0.593599933350301,0.981700729279747,0.10731
arima,172,0.0301765321027827,0.00232462527914929,0.0259640657473753,0.171644774856741,0.171795757374487,0.998773511640091,0.3106445
rbf,173,0.218789768827604,0.0168542967662271,0.191501106206974,1.06053386459298,1.05342322246323,0.890921128914284,0.001077
rbf_arima,173,0.218789768827604,0.0168542967662271,0.191501106206974,1.06053386459298,1.05342322246323,0.890921128914284,0.0996867
arima,173,0.555258521007331,0.0427739009240782,0.403424613482377,2.20582362411759,2.1616442214139,0.297450256333159,0.27121
rbf,174,0.107681461574215,0.00829515621008291,0.094060808253897,0.503962421609651,0.502288603122658,0.52366199510211,0.0013039
rbf_arima,174,0.107681461574215,0.00829515621008291,0.094060808253897,0.503962421609651,0.502288603122658,0.52366199510211,0.0838295
arima,174,0.777633645817179,0.0599043927521728,0.591599886585829,3.17495840649759,3.08995540079813,-23.841821442224,0.2257249
rbf,175,0.488690959598644,0.0376459214897651,0.429584881328868,2.54294483226535,2.50076958272277,0.46084910855613,0.00113
rbf_arima,175,0.488690959598644,0.0376459214897651,0.429584881328868,2.54294483226535,2.50076958272277,0.46084910855613,0.1469142
arima,175,0.358056269668103,0.0275825814905887,0.277954488506139,1.66199608870244,1.63889983509376,0.710569507821686,0.282089
rbf,176,0.252469826362624,0.0194488133555568,0.240374444251295,1.64755260669077,1.63239392468559,0.859859622181117,0.0011232
rbf_arima,176,0.252469826362624,0.0194488133555568,0.240374444251295,1.64755260669077,1.63239392468559,0.859859622181117,0.076964
arima,176,0.022765922967446,0.00175375486663063,0.0196059303544625,0.134051977345317,0.1339697503488,0.998860498646655,0.3080469
rbf,177,0.282056967369422,0.0217280353578695,0.250360286948738,1.89494292202585,1.91814708828169,-1.51303596441594,0.0010089
rbf_arima,177,0.282056967369422,0.0217280353578695,0.250360286948738,1.89494292202585,1.91814708828169,-1.51303596441594,0.0864775
arima,177,0.484597172285322,0.0373305598225068,0.356702721475925,2.70648670246923,2.77618453009127,-6.41799934867173,0.4395213
rbf,178,0.118297409038682,0.00911294732517744,0.096715442417682,0.681434059858746,0.678046800233776,0.92916823353803,0.0011188
rbf_arima,178,0.118297409038682,0.00911294732517744,0.096715442417682,0.681434059858746,0.678046800233776,0.92916823353803,0.0797899
arima,178,0.373312395588422,0.0287578250823793,0.287877870623436,2.02062521354255,2.05493104605111,0.294621158533528,0.3477589
rbf,179,0.149980354409203,0.0115536179587466,0.130699169573915,0.811300110158955,0.807084624233546,0.93670526326537,0.0011102
rbf_arima,179,0.149980354409203,0.0115536179587466,0.130699169573915,0.811300110158955,0.807084624233546,0.93670526326537,0.0865176
arima,179,0.109269752429195,0.00841750893966599,0.0722538971790587,0.440590533446512,0.438424115874872,0.966403134171156,0.3343634
rbf,180,0.121065936758785,0.00932621866802941,0.0989847761422998,0.560379629791668,0.558064929487835,0.853668383135712,0.0011351
rbf_arima,180,0.121065936758785,0.00932621866802941,0.0989847761422998,0.560379629791668,0.558064929487835,0.853668383135712,0.0913688
arima,180,0.420379914120964,0.0323836341393944,0.307638107886465,1.73613322948107,1.70871780496382,-0.764323228751756,0.3007959
rbf,181,0.107269596181283,0.00826342848534778,0.0821028739862882,0.465986617116038,0.467574919293936,0.159192798747696,0.0012695
rbf_arima,181,0.107269596181283,0.00826342848534778,0.0821028739862882,0.465986617116038,0.467574919293936,0.159192798747696,0.1269305
arima,181,0.251652479359742,0.0193858496757587,0.199080321003035,1.13019382132961,1.12004589637861,-3.62749073957246,0.2402258
rbf,182,0.233306016924394,0.0179725444551684,0.222687842921862,1.3104797923937,1.32004226131889,-0.0165350037866969,0.0012153
rbf_arima,182,0.233306016924394,0.0179725444551684,0.222687842921862,1.3104797923937,1.32004226131889,-0.0165350037866969,0.0897583
arima,182,0.0544422974164228,0.00419391931445663,0.043519800265576,0.257623732535585,0.257101663302099,0.944646721738908,0.3296285
rbf,183,0.102729164159381,0.00791365989628586,0.0956413771543067,0.588543949282934,0.586540518742044,0.666558376884096,0.0012073
rbf_arima,183,0.102729164159381,0.00791365989628586,0.0956413771543067,0.588543949282934,0.586540518742044,0.666558376884096,0.136029
arima,183,0.0931121727945024,0.00717282257409087,0.0670301118199941,0.414724790951158,0.416401205086354,0.72606645077428,0.3024259
rbf,184,0.0986250860233073,0.00759750548363748,0.084140411566117,0.519681956543381,0.517845212506118,0.50558775887414,0.0014621
rbf_arima,184,0.0986250860233073,0.00759750548363748,0.084140411566117,0.519681956543381,0.517845212506118,0.50558775887414,0.1146585
arima,184,0.320967235230033,0.0247254570622311,0.227469986512479,1.39939638801136,1.4190577671405,-4.23643633172503,0.2294215
rbf,185,0.0464019979616138,0.003574541206299,0.0340079045471541,0.190141231087167,0.190469492096834,0.993457007234345,0.00112
rbf_arima,185,0.0464019979616138,0.003574541206299,0.0340079045471541,0.190141231087167,0.190469492096834,0.993457007234345,0.0863746
arima,185,0.226417852404065,0.0174419201502829,0.177877089314022,0.9967819652508,1.00475051831616,0.844215439897751,0.3295625
rbf,186,0.0311178291075097,0.00239713734928787,0.0284670991992576,0.147133816405987,0.147233081901136,0.997134342615474,0.0012773
rbf_arima,186,0.0311178291075097,0.00239713734928787,0.0284670991992576,0.147133816405987,0.147233081901136,0.997134342615474,0.1154343
arima,186,0.229828963066981,0.0177046923618141,0.163228500683174,0.814454394671314,0.808041173133147,0.843679765552377,0.3242488
rbf,187,0.136030174606256,0.0104789768930286,0.118611539593378,0.567095083279294,0.564995202754861,0.24147866217594,0.0012105
rbf_arima,187,0.136030174606256,0.0104789768930286,0.118611539593378,0.567095083279294,0.564995202754861,0.24147866217594,0.163587
arima,187,0.532412376692549,0.0410139662694153,0.395638490335377,1.88866628680441,1.85703375684778,-10.6196641821511,0.3027855
rbf,188,0.175060848306545,0.0134856739660018,0.153318328720001,0.75126230010516,0.754990525871952,0.576688462103381,0.0012517
rbf_arima,188,0.175060848306545,0.0134856739660018,0.153318328720001,0.75126230010516,0.754990525871952,0.576688462103381,0.1095839
arima,188,0.256907155251533,0.0197906394763292,0.193496497082097,0.952281398824593,0.944294361211322,0.0883367485984375,0.2935663
rbf,189,0.502207439264686,0.0386871528085187,0.425817784996231,2.2735721109402,2.23752890826616,0.23055839225549,0.0012513
rbf_arima,189,0.502207439264686,0.0386871528085187,0.425817784996231,2.2735721109402,2.23752890826616,0.23055839225549,0.087691
arima,189,0.252734425836873,0.019469196566742,0.190273002597643,1.02313459369314,1.01381982613674,0.805133049333948,0.2853171
rbf,190,0.394103180211233,0.03035942672908,0.297344389104122,1.87328595045989,1.905776072569,0.78711014728305,0.0011879
rbf_arima,190,0.394103180211233,0.03035942672908,0.297344389104122,1.87328595045989,1.905776072569,0.78711014728305,0.094658
arima,190,0.31104857692338,0.0239613810658126,0.234531057973882,1.47760560258457,1.45807226287084,0.867385344885574,0.328885
